Unnamed: 0,Id,q1,q2,q3,q4,q5,q6,q7,q8,q9,q10,q11,q12,q13,q14,q15,q16,q17,q18,q19,q20,q21,q22,label
0,"0_ Immediate Grief, Shock, and Emotion",1,7,0,0,0,0,2,3,0,0,3,0,1,3,0,0,1,0,0,1,,,1
1,0_ Navigating Family Relationships,1,0,0,1,1,0,1,3,1,1,3,0,0,3,1,1,1,0,2,1,,,2
2,0_ Learning to Process Grief,1,4,1,1,1,1,1,2,1,1,2,0,2,2,1,1,2,Considering,2,2,,,3
3,0_ Moments That Matter,1,I found,1,1,1,1,1,1,1,1,3,0,2,2,1,2,1,0,2,2,,,4
4,"0_ Feeling Immersed, Connected & Seen",1,0,2,2,2,2,0,1,2,2,0,2,2,2,2,2,2,1,3,2,,,5
5,0_ New Growth & Purpose,1,5,2,2,2,2,0,0,3,3,0,3,3,0,3,3,3,2,3,3,,,6
6,"1_ Immediate Grief, Shock, and Emotion",1,5,0,0,0,0,2,3,0,1,3,0,0,3,0,0,0,0,1,1,,,1
7,1_ Navigating Family Relationships,2,5,0,1,1,1,1,3,1,1,2,0,1,2,0,1,1,0,1,1,,,2
8,1_ Learning to Process Grief,1,0,1,1,1,0,1,2,1,1,2,2,2,2,1,2,1,For this,2,1,,,3
9,1_ Moments That Matter,1,3,1,1,1,1,2,3,2,Question:,2,0,2,2,1,2,2,(This,2,2,,,4
10,"1_ Feeling Immersed, Connected & Seen",1,0,2,2,2,2,0,1,2,2,0,2,2,2,2,2,2,2,2,2,,,5
11,1_ New Growth & Purpose,1,0,2,2,2,2,0,0,3,3,0,3,3,0,3,3,3,2,3,3,,,6
12,"2_ Immediate Grief, Shock, and Emotion",To connect,5,0,0,0,0,3,2,0,0,3,0,0,3,0,1,0,0,1,1,,,1
13,2_ Navigating Family Relationships,1,3,0,1,1,1,1,3,1,1,2,0,1,2,1,1,1,0,2,1,,,2
14,2_ Learning to Process Grief,1,3,1,1,1,1,1,2,1,I have,2,1,2,2,1,2,2,The prompt,2,2,,,3
15,2_ Moments That Matter,1,3,1,1,1,2,0,2,1,1,2,0,2,2,1,2,2,No answer,2,2,,,4
16,"2_ Feeling Immersed, Connected & Seen",1,7,2,2,2,2,0,0,2,2,0,2,2,2,2,2,2,2,3,2,,,5
17,2_ New Growth & Purpose,1,3,2,2,2,2,0,0,3,3,0,3,3,0,3,3,3,2,3,3,,,6
18,"3_ Immediate Grief, Shock, and Emotion",1,0,0,0,0,0,3,1,0,0,3,0,0,3,0,0,0,0,1,1,,,1
19,3_ Navigating Family Relationships,3,0,1,1,1,1,2,2,1,Question not,2,0,2,2,1,2,1,0,1,1,,,2
20,3_ Learning to Process Grief,1,0,0,1,1,1,1,3,1,2,2,1,2,2,1,2,2,0,2,2,,,3
21,3_ Moments That Matter,1,5,1,1,1,1,0,1,1,2,2,2,2,2,1,2,2,The option,2,1,,,4
22,"3_ Feeling Immersed, Connected & Seen",1,I found,2,2,2,2,0,3,2,2,0,2,2,2,2,2,2,1,3,2,,,5
23,3_ New Growth & Purpose,3,0,2,2,2,2,0,0,3,3,0,3,3,0,3,3,3,2,3,3,,,6
24,"4_ Immediate Grief, Shock, and Emotion",1,0,0,0,0,0,2,3,0,1,3,0,1,3,0,0,1,0,1,1,,,1
25,4_ Navigating Family Relationships,1,0,0,1,1,1,2,3,1,0,2,1,2,2,0,2,2,0,2,1,,,2
26,4_ Learning to Process Grief,1,0,1,1,2,1,0,1,1,1,3,1,2,2,1,2,2,I am,2,2,,,3
27,4_ Moments That Matter,1,3,1,1,1,1,1,1,1,2,2,0,2,2,1,2,2,This question,2,2,,,4
28,"4_ Feeling Immersed, Connected & Seen",1,3,2,2,2,2,0,Option chosen,2,2,0,2,2,2,2,2,2,1,2,2,,,5
29,4_ New Growth & Purpose,1,5,2,2,2,2,0,0,3,3,0,3,3,0,3,3,3,2,3,3,,,6
30,"5_ Immediate Grief, Shock, and Emotion",6,7,0,0,0,0,1,3,0,0,3,0,0,3,0,0,0,0,1,1,,,1
31,5_ Navigating Family Relationships,1,0,0,1,1,0,1,2,1,0,2,0,2,2,1,1,1,0,2,1,,,2
32,5_ Learning to Process Grief,1,2,1,1,1,1,0,Question:,1,1,2,1,2,2,1,2,2,Disreg,2,1,,,3
33,5_ Moments That Matter,1,7,1,2,1,1,0,1,1,2,2,1,2,3,1,2,2,Ignoring,2,1,,,4
34,"5_ Feeling Immersed, Connected & Seen",1,5,2,2,2,2,1,2,2,2,0,2,2,2,2,3,2,2,2,2,,,5
35,5_ New Growth & Purpose,3,3,2,2,2,2,0,0,3,3,0,3,3,0,3,3,3,2,3,3,,,6
36,"6_ Immediate Grief, Shock, and Emotion",1,4,0,0,0,0,2,2,0,0,2,0,1,3,0,0,0,0,0,1,,,1
37,6_ Navigating Family Relationships,1,5,0,1,1,1,1,3,1,0,2,0,1,2,0,1,1,0,2,1,,,2
38,6_ Learning to Process Grief,1,2,1,2,1,1,Question not,1,1,2,2,1,2,2,1,2,1,1,2,2,,,3
39,6_ Moments That Matter,1,7,1,1,1,1,0,2,1,2,2,2,2,2,1,2,2,The question,2,1,,,4
40,"6_ Feeling Immersed, Connected & Seen",1,5,2,2,2,2,0,1,2,2,0,2,2,2,2,2,2,2,2,2,,,5
41,6_ New Growth & Purpose,1,0,2,2,2,2,0,1,3,3,0,3,3,0,3,3,3,2,3,3,,,6
42,"7_ Immediate Grief, Shock, and Emotion",3,3,0,0,0,0,3,3,0,0,3,0,1,3,0,0,0,0,1,1,,,1
43,7_ Navigating Family Relationships,1,7,0,1,1,1,1,2,1,1,2,0,1,2,1,1,1,0,1,1,,,2
44,7_ Learning to Process Grief,1,0,0,1,2,1,1,1,1,2,2,0,2,2,1,2,1,0,2,1,,,3
45,7_ Moments That Matter,1,5,1,1,2,1,1,2,2,2,2,0,2,2,1,2,2,This question,2,1,,,4
46,"7_ Feeling Immersed, Connected & Seen",1,I found,2,2,2,2,0,3,2,2,0,2,2,2,2,2,2,2,2,2,,,5
47,7_ New Growth & Purpose,3,5,2,2,2,2,0,0,3,3,0,3,3,0,3,3,3,2,3,3,,,6
48,"8_ Immediate Grief, Shock, and Emotion",1,0,0,0,0,0,3,3,0,0,3,0,0,3,0,0,0,0,1,1,,,1
49,8_ Navigating Family Relationships,1,0,1,1,1,0,1,2,1,1,3,0,2,2,1,1,1,0,2,1,,,2
50,8_ Learning to Process Grief,1,5,1,1,1,1,2,3,1,2,2,2,2,2,1,1,1,The question,2,1,,,3
51,8_ Moments That Matter,5,2,1,1,1,1,0,2,1,2,2,1,2,2,1,2,2,None of,2,1,,,4
52,"8_ Feeling Immersed, Connected & Seen",1,7,2,2,2,2,0,2,2,2,0,2,2,2,2,2,2,2,2,2,,,5
53,8_ New Growth & Purpose,1,0,2,2,2,2,0,0,3,3,0,3,3,0,3,3,3,2,3,3,,,6
54,"9_ Immediate Grief, Shock, and Emotion",1,0,0,1,0,0,2,1,0,0,3,0,1,3,0,1,1,0,1,1,,,1
55,9_ Navigating Family Relationships,1,0,0,1,0,1,3,3,1,1,3,0,1,2,1,1,1,0,2,1,,,2
56,9_ Learning to Process Grief,1,0,0,1,1,1,1,1,1,2,2,1,2,2,1,2,1,This question,2,2,,,3
57,9_ Moments That Matter,1,0,1,1,1,1,I would,1,2,0,2,0,2,3,1,2,2,0,2,1,,,4
58,"9_ Feeling Immersed, Connected & Seen",1,3,2,2,2,2,0,1,2,2,0,2,2,2,2,2,2,1,2,2,,,5
59,9_ New Growth & Purpose,3,4,2,2,2,2,0,0,3,3,0,3,3,0,3,3,3,2,3,3,,,6
60,"10_ Immediate Grief, Shock, and Emotion",5,7,0,0,0,0,3,3,0,1,3,0,0,3,0,0,0,0,1,1,,,1
61,10_ Navigating Family Relationships,1,3,1,1,1,0,2,3,1,1,2,0,2,2,0,1,1,0,1,1,,,2
62,10_ Learning to Process Grief,1,5,1,1,1,1,1,2,1,1,2,1,2,2,1,2,1,The question,2,2,,,3
63,10_ Moments That Matter,1,0,1,1,1,1,1,3,1,2,3,2,3,2,2,2,2,The given,2,1,,,4
64,"10_ Feeling Immersed, Connected & Seen",1,4,2,2,2,2,0,2,2,2,1,2,2,2,2,2,2,2,2,2,,,5
65,10_ New Growth & Purpose,1,0,2,2,2,2,0,0,3,3,0,3,3,0,3,3,3,2,3,3,,,6
66,"11_ Immediate Grief, Shock, and Emotion",1,3,0,0,0,0,2,3,0,0,3,0,1,3,0,0,1,0,1,1,,,1
67,11_ Navigating Family Relationships,1,5,0,1,1,0,2,3,1,1,3,0,1,2,1,1,1,0,2,1,,,2
68,11_ Learning to Process Grief,1,0,1,1,1,1,1,Question:,1,1,2,1,2,2,1,2,2,0,2,1,,,3
69,11_ Moments That Matter,3,2,1,2,1,1,1,2,1,1,2,0,2,2,1,2,2,None of,2,1,,,4
70,"11_ Feeling Immersed, Connected & Seen",1,5,2,2,2,2,0,Question:,2,3,0,2,2,2,2,2,2,2,3,2,,,5
71,11_ New Growth & Purpose,3,0,2,2,2,2,0,0,3,3,0,3,3,0,3,3,3,2,3,3,,,6
72,"12_ Immediate Grief, Shock, and Emotion",1,0,0,0,0,0,1,2,0,0,3,0,0,3,0,1,1,0,1,1,,,1
73,12_ Navigating Family Relationships,1,0,0,1,1,1,1,3,1,1,2,0,1,2,1,1,1,0,2,1,,,2
74,12_ Learning to Process Grief,1,5,1,1,1,1,1,1,1,1,2,2,2,2,1,2,2,0,2,2,,,3
75,12_ Moments That Matter,The question,2,1,1,1,1,1,2,2,1,2,0,3,2,2,2,2,0,2,1,,,4
76,"12_ Feeling Immersed, Connected & Seen",1,0,2,2,2,2,2,0,2,2,0,2,2,2,2,2,2,2,2,2,,,5
77,12_ New Growth & Purpose,1,0,2,2,2,2,0,0,3,3,0,3,3,0,3,3,3,2,3,3,,,6
78,"13_ Immediate Grief, Shock, and Emotion",1,0,0,1,0,0,3,3,0,0,3,0,1,3,0,1,0,0,1,1,,,1
79,13_ Navigating Family Relationships,1,2,1,1,1,1,1,3,1,1,3,0,1,2,1,1,2,0,2,1,,,2
80,13_ Learning to Process Grief,1,2,1,1,2,1,2,1,1,1,2,0,2,2,1,2,1,0,2,2,,,3
81,13_ Moments That Matter,1,5,1,1,2,1,2,2,1,1,2,0,2,2,1,2,2,It',2,1,,,4
82,"13_ Feeling Immersed, Connected & Seen",1,0,2,2,2,2,1,2,2,2,0,2,2,2,2,2,2,2,2,2,,,5
83,13_ New Growth & Purpose,1,0,2,2,2,2,0,0,3,3,0,3,3,0,3,3,3,2,3,3,,,6
84,"14_ Immediate Grief, Shock, and Emotion",1,I found,0,0,0,0,1,3,0,0,3,0,1,3,0,1,1,0,1,1,,,1
85,14_ Navigating Family Relationships,1,5,0,1,0,1,2,1,1,1,2,0,1,3,1,1,1,0,2,1,,,2
86,14_ Learning to Process Grief,1,5,1,1,1,0,1,1,1,2,2,0,2,2,1,2,2,The given,2,2,,,3
87,14_ Moments That Matter,1,4,1,1,1,1,1,2,1,1,2,3,2,2,1,2,1,0,2,1,,,4
88,"14_ Feeling Immersed, Connected & Seen",1,0,2,2,2,2,Option:,1,2,2,0,2,3,2,2,2,2,1,3,2,,,5
89,14_ New Growth & Purpose,1,2,2,2,2,2,0,0,3,3,0,3,3,0,3,3,3,2,3,3,,,6
90,"15_ Immediate Grief, Shock, and Emotion",1,4,0,0,0,0,1,2,0,0,3,0,0,3,0,0,1,0,1,1,,,1
91,15_ Navigating Family Relationships,1,5,0,1,0,Option that,3,2,1,1,2,0,1,2,1,1,1,0,2,1,,,2
92,15_ Learning to Process Grief,1,7,1,1,1,1,1,1,1,2,2,2,2,2,1,2,2,0,2,2,,,3
93,15_ Moments That Matter,1,7,1,1,1,1,0,2,2,2,3,0,2,2,1,2,2,None of,2,1,,,4
94,"15_ Feeling Immersed, Connected & Seen",1,3,2,2,2,2,1,1,2,3,0,2,2,2,2,2,2,2,3,2,,,5
95,15_ New Growth & Purpose,1,5,2,2,2,2,0,0,3,3,0,3,3,0,3,3,3,2,3,3,,,6
96,"16_ Immediate Grief, Shock, and Emotion",1,5,0,0,0,0,1,2,0,0,3,0,0,3,0,1,0,0,1,1,,,1
97,16_ Navigating Family Relationships,1,0,0,1,1,0,3,2,1,0,3,0,1,2,1,1,1,0,2,1,,,2
98,16_ Learning to Process Grief,1,0,1,1,1,1,0,1,1,1,2,3,2,2,1,2,2,Questions related,2,1,,,3
99,16_ Moments That Matter,1,3,1,1,2,1,0,1,1,2,2,0,2,2,1,2,2,0,2,1,,,4
100,"16_ Feeling Immersed, Connected & Seen",1,2,2,2,2,2,0,Question:,2,2,0,2,2,2,2,2,2,2,2,2,,,5
101,16_ New Growth & Purpose,1,5,2,2,2,2,0,0,3,3,0,3,3,0,3,3,3,3,3,3,,,6
102,"17_ Immediate Grief, Shock, and Emotion",1,0,0,0,0,0,3,2,0,0,3,0,0,2,0,1,1,0,1,0,,,1
103,17_ Navigating Family Relationships,1,5,1,0,1,1,2,3,1,1,2,0,1,2,1,1,1,0,2,1,,,2
104,17_ Learning to Process Grief,1,2,1,1,1,1,1,2,1,1,2,0,2,2,1,2,2,0,2,1,,,3
105,17_ Moments That Matter,1,2,1,1,2,1,1,2,2,2,2,3,2,2,1,2,2,This question,2,2,,,4
106,"17_ Feeling Immersed, Connected & Seen",1,5,2,2,2,2,0,1,2,2,0,2,2,2,1,2,2,2,2,2,,,5
107,17_ New Growth & Purpose,1,0,2,2,2,2,0,0,3,3,0,3,3,0,3,3,3,2,3,3,,,6
108,"18_ Immediate Grief, Shock, and Emotion",Please select,5,0,0,0,0,2,1,0,1,3,0,1,3,0,0,0,0,0,0,,,1
109,18_ Navigating Family Relationships,You did,7,0,1,1,0,1,3,1,1,2,0,2,2,1,1,1,0,2,1,,,2
110,18_ Learning to Process Grief,1,0,1,1,1,1,2,2,1,2,2,1,2,2,1,2,2,0,2,2,,,3
111,18_ Moments That Matter,1,7,1,1,2,2,0,1,1,1,2,1,2,2,1,2,2,To emphas,2,2,,,4
112,"18_ Feeling Immersed, Connected & Seen",1,3,2,2,2,2,1,3,2,3,0,2,2,2,2,2,2,2,3,2,,,5
113,18_ New Growth & Purpose,1,0,2,2,2,2,0,0,3,3,0,3,3,0,3,3,3,2,3,3,,,6
114,"19_ Immediate Grief, Shock, and Emotion",2,0,0,0,0,0,1,1,0,0,3,0,1,3,0,1,0,0,1,1,,,1
115,19_ Navigating Family Relationships,1,0,0,0,1,1,1,3,1,0,2,0,1,2,1,1,1,0,2,1,,,2
116,19_ Learning to Process Grief,1,0,1,1,1,1,1,1,1,2,2,1,2,2,1,2,1,0,2,2,,,3
117,19_ Moments That Matter,1,5,1,1,Option chosen,1,2,1,1,1,2,1,2,2,1,2,1,This question,2,1,,,4
118,"19_ Feeling Immersed, Connected & Seen",1,7,2,2,2,2,0,1,2,2,0,2,2,2,2,2,2,1,3,2,,,5
119,19_ New Growth & Purpose,3,5,2,2,2,2,0,0,3,3,0,3,3,0,3,3,3,2,3,3,,,6
120,"20_ Immediate Grief, Shock, and Emotion",1,5,0,0,0,0,1,3,0,1,3,0,0,3,0,1,1,0,0,1,,,1
121,20_ Navigating Family Relationships,1,7,0,0,1,0,2,2,1,1,2,0,0,2,1,1,1,This question,2,1,,,2
122,20_ Learning to Process Grief,1,0,1,1,1,1,0,2,1,1,2,2,2,2,1,2,2,The question,2,2,,,3
123,20_ Moments That Matter,Question not,5,Choose one,1,1,1,3,2,1,2,2,2,2,3,1,2,2,The question,2,1,,,4
124,"20_ Feeling Immersed, Connected & Seen",1,5,2,2,2,2,0,2,2,2,1,2,2,2,2,2,2,2,2,2,,,5
125,20_ New Growth & Purpose,1,0,2,2,2,2,0,0,3,3,0,3,3,0,3,3,3,2,3,3,,,6
126,"21_ Immediate Grief, Shock, and Emotion",None of,2,0,0,0,0,3,2,0,0,3,0,0,2,0,0,0,0,1,1,,,1
127,21_ Navigating Family Relationships,1,0,0,1,1,1,1,2,1,1,2,0,2,2,1,1,1,0,1,1,,,2
128,21_ Learning to Process Grief,1,5,1,1,2,1,1,1,1,1,2,1,2,2,1,2,1,0,2,2,,,3
129,21_ Moments That Matter,1,7,1,1,1,2,I don,1,1,2,3,1,2,2,1,2,2,The question,2,2,,,4
130,"21_ Feeling Immersed, Connected & Seen",1,0,2,2,2,2,0,1,2,2,0,2,2,2,2,2,2,2,3,2,,,5
131,21_ New Growth & Purpose,1,0,2,2,2,2,0,0,3,3,0,3,3,0,3,3,3,2,3,3,,,6
132,"22_ Immediate Grief, Shock, and Emotion",1,4,0,0,0,0,1,2,0,1,3,0,1,3,0,0,1,0,1,1,,,1
133,22_ Navigating Family Relationships,1,5,0,1,0,1,0,2,1,1,2,0,1,2,1,1,1,0,2,1,,,2
134,22_ Learning to Process Grief,1,7,1,1,1,1,1,Question is,1,1,2,1,2,2,1,2,1,0,2,2,,,3
135,22_ Moments That Matter,1,3,1,1,1,1,1,3,1,1,2,3,2,2,1,2,1,This question,2,1,,,4
136,"22_ Feeling Immersed, Connected & Seen",1,0,2,2,2,2,0,3,2,3,0,2,2,2,2,2,2,1,2,2,,,5
137,22_ New Growth & Purpose,1,7,2,2,2,2,0,0,3,3,0,3,3,0,3,3,3,2,3,3,,,6
138,"23_ Immediate Grief, Shock, and Emotion",1,0,0,0,0,0,2,2,0,0,3,0,0,3,0,0,1,0,1,1,,,1
139,23_ Navigating Family Relationships,1,5,0,0,1,0,1,This question,1,0,2,0,1,2,1,1,1,0,2,1,,,2
140,23_ Learning to Process Grief,1,0,1,1,1,1,0,2,1,1,2,1,2,2,1,1,2,None of,2,2,,,3
141,23_ Moments That Matter,3,5,1,1,1,2,0,This question,1,2,2,0,2,3,1,1,1,None of,2,1,,,4
142,"23_ Feeling Immersed, Connected & Seen",1,2,2,2,2,2,0,0,2,2,0,2,2,2,2,2,2,2,3,2,,,5
143,23_ New Growth & Purpose,1,5,2,2,2,2,0,1,3,3,0,3,3,0,3,3,3,2,3,3,,,6
144,"24_ Immediate Grief, Shock, and Emotion",1,5,0,0,0,0,3,3,0,0,3,0,1,3,0,1,1,0,1,1,,,1
145,24_ Navigating Family Relationships,2,7,0,1,1,0,3,2,0,2,2,0,1,2,1,1,1,0,2,1,,,2
146,24_ Learning to Process Grief,2,0,1,1,1,1,2,Considering,1,2,2,1,2,2,1,2,1,0,2,1,,,3
147,24_ Moments That Matter,1,7,1,1,2,1,0,2,1,1,2,2,3,2,1,2,2,In this,2,2,,,4
148,"24_ Feeling Immersed, Connected & Seen",1,0,2,2,2,2,0,2,2,2,0,2,2,2,2,2,2,2,2,2,,,5
149,24_ New Growth & Purpose,3,5,2,2,2,2,0,0,3,3,0,3,3,0,3,3,3,2,3,3,,,6
150,"25_ Immediate Grief, Shock, and Emotion",1,6,0,0,0,0,3,1,0,0,3,0,1,3,0,0,0,0,1,1,,,1
151,25_ Navigating Family Relationships,1,3,0,1,1,1,1,3,1,1,2,2,1,2,1,2,1,This question,2,1,,,2
152,25_ Learning to Process Grief,1,6,0,1,1,1,0,0,1,1,2,3,3,2,1,2,2,This question,2,2,,,3
153,25_ Moments That Matter,1,2,1,1,1,1,1,2,1,2,2,3,2,2,1,2,2,This question,2,1,,,4
154,"25_ Feeling Immersed, Connected & Seen",1,0,2,2,2,2,Option:,3,2,2,0,2,2,2,2,2,2,2,2,2,,,5
155,25_ New Growth & Purpose,1,0,2,2,2,2,0,0,3,3,0,3,3,0,3,3,3,2,3,3,,,6
156,"26_ Immediate Grief, Shock, and Emotion",1,7,0,0,0,0,Option:,2,0,1,3,0,0,3,0,1,0,0,1,1,,,1
157,26_ Navigating Family Relationships,1,3,0,1,1,1,2,2,1,1,2,0,1,2,0,1,1,0,1,1,,,2
158,26_ Learning to Process Grief,1,4,1,1,1,1,0,1,1,2,2,0,2,2,1,2,2,This question,2,2,,,3
159,26_ Moments That Matter,1,5,0,Option chosen,2,1,2,3,1,2,2,1,2,3,1,2,1,This question,2,1,,,4
160,"26_ Feeling Immersed, Connected & Seen",Numbers,5,2,2,2,2,0,2,2,2,0,2,2,2,2,2,2,2,2,2,,,5
161,26_ New Growth & Purpose,1,0,2,2,2,2,0,0,3,3,0,3,3,0,3,3,3,2,3,3,,,6
162,"27_ Immediate Grief, Shock, and Emotion",The given,7,0,0,0,0,2,3,0,0,3,0,0,3,0,1,1,0,0,1,,,1
163,27_ Navigating Family Relationships,1,0,0,0,1,1,1,3,1,1,2,0,1,2,1,1,1,0,2,1,,,2
164,27_ Learning to Process Grief,1,2,1,1,1,1,0,3,1,2,2,1,3,2,1,2,1,This question,2,2,,,3
165,27_ Moments That Matter,1,0,1,1,1,1,2,3,1,2,2,1,2,2,1,2,2,This question,2,2,,,4
166,"27_ Feeling Immersed, Connected & Seen",1,0,2,2,2,2,0,1,2,2,0,2,2,2,2,2,2,2,2,2,,,5
167,27_ New Growth & Purpose,1,0,2,2,2,2,0,0,3,3,0,3,3,0,3,3,3,2,3,3,,,6
168,"28_ Immediate Grief, Shock, and Emotion",1,0,0,0,0,0,2,3,0,0,3,0,1,3,0,1,0,0,1,1,,,1
169,28_ Navigating Family Relationships,1,0,1,0,1,0,3,3,1,1,3,0,1,2,1,1,1,1,2,1,,,2
170,28_ Learning to Process Grief,1,0,1,1,1,1,1,1,1,To provide,2,0,2,2,1,2,1,Not related,2,2,,,3
171,28_ Moments That Matter,1,I found,1,1,1,1,0,2,1,1,2,0,2,2,1,2,2,(Since,2,1,,,4
172,"28_ Feeling Immersed, Connected & Seen",1,5,2,2,2,2,0,2,2,2,0,2,3,2,2,2,2,2,3,2,,,5
173,28_ New Growth & Purpose,1,0,2,2,2,2,0,0,3,3,0,3,3,0,3,3,3,2,3,3,,,6
174,"29_ Immediate Grief, Shock, and Emotion",To connect,5,0,0,0,0,4,3,0,0,3,0,0,3,0,0,0,0,2,1,,,1
175,29_ Navigating Family Relationships,1,5,Disag,1,1,0,2,3,1,1,3,0,0,2,1,1,0,0,2,1,,,2
176,29_ Learning to Process Grief,1,5,1,1,2,1,2,1,1,1,2,2,2,2,1,1,2,There is,2,1,,,3
177,29_ Moments That Matter,1,7,1,1,1,1,0,3,1,2,2,2,2,2,1,2,2,The question,2,2,,,4
178,"29_ Feeling Immersed, Connected & Seen",1,5,2,2,2,2,0,3,2,2,0,2,2,2,2,2,2,1,2,2,,,5
179,29_ New Growth & Purpose,1,0,2,2,2,2,0,0,3,3,0,3,3,0,3,3,3,2,3,3,,,6
180,"30_ Immediate Grief, Shock, and Emotion",1,3,0,1,0,0,2,1,0,0,3,0,1,3,0,0,1,0,1,1,,,1
181,30_ Navigating Family Relationships,Considering,0,0,1,1,1,3,3,1,Considering,3,0,1,2,1,2,1,0,1,1,,,2
182,30_ Learning to Process Grief,1,0,1,1,1,1,0,2,1,1,2,1,2,2,1,2,2,0,2,2,,,3
183,30_ Moments That Matter,1,3,1,1,1,1,0,1,2,1,2,2,2,2,1,2,2,0,2,1,,,4
184,"30_ Feeling Immersed, Connected & Seen",1,3,2,2,2,2,0,1,2,2,0,2,3,2,2,2,2,1,2,2,,,5
185,30_ New Growth & Purpose,1,0,2,2,2,2,0,0,3,3,0,3,3,0,3,3,3,2,3,3,,,6
186,"31_ Immediate Grief, Shock, and Emotion",1,5,0,0,0,0,2,2,0,0,3,0,1,3,0,0,1,0,1,1,,,1
187,31_ Navigating Family Relationships,1,2,0,1,1,0,Option:,2,1,0,2,0,2,2,0,1,1,None of,2,1,,,2
188,31_ Learning to Process Grief,1,7,1,1,1,0,1,1,1,2,2,0,2,2,1,2,1,0,2,2,,,3
189,31_ Moments That Matter,1,5,1,1,1,1,1,2,1,1,2,3,2,2,1,1,2,The question,2,1,,,4
190,"31_ Feeling Immersed, Connected & Seen",1,5,2,2,2,2,1,1,2,2,0,2,2,2,2,2,2,2,3,2,,,5
191,31_ New Growth & Purpose,1,5,2,2,2,2,0,0,3,3,0,3,3,0,3,3,3,2,3,3,,,6
192,"32_ Immediate Grief, Shock, and Emotion",1,7,0,0,0,0,2,3,0,0,3,0,2,3,0,0,1,0,1,1,,,1
193,32_ Navigating Family Relationships,1,3,0,Neither agree,1,0,1,2,1,1,2,0,1,2,1,1,1,In this,2,1,,,2
194,32_ Learning to Process Grief,1,2,1,1,1,1,0,1,1,2,2,1,2,2,1,2,2,0,2,2,,,3
195,32_ Moments That Matter,1,0,1,1,1,2,Option not,3,2,2,2,3,2,2,1,2,2,I am,2,2,,,4
196,"32_ Feeling Immersed, Connected & Seen",1,5,2,2,2,2,0,1,2,2,0,2,2,2,2,2,2,2,3,2,,,5
197,32_ New Growth & Purpose,1,0,2,2,2,2,0,1,3,3,0,3,3,0,3,3,3,2,3,3,,,6
198,"33_ Immediate Grief, Shock, and Emotion",1,2,0,0,0,0,3,3,0,0,3,0,1,3,0,0,1,0,1,1,,,1
199,33_ Navigating Family Relationships,1,7,1,1,1,0,1,3,1,1,2,0,1,2,1,1,1,0,1,1,,,2
200,33_ Learning to Process Grief,1,3,1,1,1,1,0,0,1,2,3,0,3,2,1,2,1,0,2,2,,,3
201,33_ Moments That Matter,1,3,1,1,1,2,0,1,1,2,2,0,3,2,1,2,2,Disreg,2,2,,,4
202,"33_ Feeling Immersed, Connected & Seen",1,0,2,2,2,2,0,I am,2,2,0,2,2,2,2,2,2,2,3,2,,,5
203,33_ New Growth & Purpose,1,5,2,2,2,2,0,0,3,3,0,3,3,0,3,3,3,2,3,3,,,6
204,"34_ Immediate Grief, Shock, and Emotion",This question,7,0,0,0,0,3,3,0,0,3,0,0,2,0,1,0,0,1,1,,,1
205,34_ Navigating Family Relationships,1,5,1,1,1,1,1,2,1,1,2,2,0,3,1,2,1,0,2,1,,,2
206,34_ Learning to Process Grief,1,0,1,1,1,1,0,2,2,1,2,0,2,2,1,2,2,This question,2,2,,,3
207,34_ Moments That Matter,3,5,0,1,1,1,1,1,1,2,2,2,2,2,1,2,2,None of,3,2,,,4
208,"34_ Feeling Immersed, Connected & Seen",1,2,2,2,2,2,0,1,2,2,0,2,2,2,2,2,2,2,3,2,,,5
209,34_ New Growth & Purpose,1,3,2,2,2,2,0,0,3,3,0,3,3,0,3,3,3,2,3,3,,,6
210,"35_ Immediate Grief, Shock, and Emotion",1,5,0,0,1,0,2,2,0,0,3,0,1,2,0,0,0,0,1,1,,,1
211,35_ Navigating Family Relationships,1,0,1,1,0,0,2,3,1,Question is,2,0,1,3,1,1,1,0,2,1,,,2
212,35_ Learning to Process Grief,1,2,1,1,1,1,1,1,1,1,2,2,2,2,1,2,2,The question,2,1,,,3
213,35_ Moments That Matter,1,0,1,1,1,1,0,1,1,2,2,0,2,2,1,2,2,There is,2,2,,,4
214,"35_ Feeling Immersed, Connected & Seen",1,5,2,2,2,2,0,0,2,2,0,2,2,2,2,2,2,2,3,2,,,5
215,35_ New Growth & Purpose,3,3,2,2,2,2,0,0,3,3,0,3,3,0,3,3,3,2,3,3,,,6
216,"36_ Immediate Grief, Shock, and Emotion",1,0,0,0,0,0,1,2,0,0,3,0,1,3,0,2,1,0,1,1,,,1
217,36_ Navigating Family Relationships,1,7,0,1,1,0,1,3,1,1,2,1,1,3,1,1,1,0,2,1,,,2
218,36_ Learning to Process Grief,1,7,1,1,1,1,0,3,1,1,2,0,2,2,1,2,2,0,2,2,,,3
219,36_ Moments That Matter,1,7,0,1,1,1,0,2,1,1,2,3,2,2,1,1,2,0,2,1,,,4
220,"36_ Feeling Immersed, Connected & Seen",1,0,2,2,2,2,0,1,2,2,0,2,2,2,2,2,2,1,3,2,,,5
221,36_ New Growth & Purpose,2,0,2,2,2,2,0,0,3,3,0,3,3,0,3,3,3,2,3,3,,,6
222,"37_ Immediate Grief, Shock, and Emotion",6,5,0,1,0,0,2,2,0,0,3,0,1,2,0,2,1,0,1,1,,,1
223,37_ Navigating Family Relationships,Choosing,0,0,1,1,0,3,3,1,1,3,0,1,2,1,1,1,0,2,1,,,2
224,37_ Learning to Process Grief,1,3,1,1,1,1,0,1,1,2,2,1,2,2,1,2,1,0,2,2,,,3
225,37_ Moments That Matter,1,5,1,1,1,1,1,1,2,1,2,2,2,2,1,2,2,The given,2,1,,,4
226,"37_ Feeling Immersed, Connected & Seen",1,2,2,2,2,2,0,0,2,2,0,2,2,2,2,2,2,2,2,2,,,5
227,37_ New Growth & Purpose,1,0,2,2,2,2,0,0,3,3,0,3,3,0,3,3,3,2,3,3,,,6
228,"38_ Immediate Grief, Shock, and Emotion",1,7,0,0,0,0,3,2,0,1,3,0,0,2,0,0,0,0,1,1,,,1
229,38_ Navigating Family Relationships,1,0,0,1,1,0,2,2,1,I did,2,0,1,2,1,2,1,Question not,1,1,,,2
230,38_ Learning to Process Grief,1,4,1,1,1,1,3,1,1,1,2,2,2,2,1,1,1,0,2,2,,,3
231,38_ Moments That Matter,1,3,1,2,1,1,0,1,1,2,2,3,2,2,1,2,2,The question,2,1,,,4
232,"38_ Feeling Immersed, Connected & Seen",1,4,2,2,2,2,0,0,2,2,0,3,2,2,2,2,2,2,2,2,,,5
233,38_ New Growth & Purpose,1,0,2,2,2,2,0,0,3,3,0,3,3,0,3,3,3,2,3,3,,,6
234,"39_ Immediate Grief, Shock, and Emotion",1,0,0,0,0,0,3,1,0,0,3,0,0,3,0,0,1,0,1,1,,,1
235,39_ Navigating Family Relationships,None of,7,0,1,1,1,1,3,1,1,2,0,1,2,1,1,1,0,2,1,,,2
236,39_ Learning to Process Grief,1,2,1,1,1,0,1,1,1,2,2,2,2,2,1,2,1,0,2,2,,,3
237,39_ Moments That Matter,1,4,1,2,1,1,1,1,1,1,2,0,2,2,1,2,1,This question,2,2,,,4
238,"39_ Feeling Immersed, Connected & Seen",1,7,2,2,2,2,0,2,2,2,0,2,2,2,2,2,2,2,3,2,,,5
239,39_ New Growth & Purpose,1,0,2,2,2,2,0,0,3,3,0,3,3,0,3,3,3,2,3,3,,,6
240,"40_ Immediate Grief, Shock, and Emotion",1,0,0,0,0,0,2,3,0,0,3,0,1,3,0,1,0,0,1,1,,,1
241,40_ Navigating Family Relationships,1,0,0,1,1,0,2,2,1,1,2,0,1,2,1,1,1,This question,2,1,,,2
242,40_ Learning to Process Grief,1,5,1,1,1,1,1,1,1,2,3,1,2,2,1,2,1,The question,2,1,,,3
243,40_ Moments That Matter,1,4,1,1,2,1,1,3,2,2,2,0,2,2,1,2,2,None of,2,1,,,4
244,"40_ Feeling Immersed, Connected & Seen",1,I found,2,2,2,2,0,1,2,2,0,2,2,2,1,2,2,2,3,2,,,5
245,40_ New Growth & Purpose,1,5,2,2,2,2,0,0,3,3,0,3,3,0,3,3,3,3,3,3,,,6
246,"41_ Immediate Grief, Shock, and Emotion",1,0,0,0,0,0,3,2,0,0,3,0,1,3,0,1,0,0,1,1,,,1
247,41_ Navigating Family Relationships,1,0,0,1,1,0,2,2,1,2,3,0,1,2,1,1,1,0,2,1,,,2
248,41_ Learning to Process Grief,1,0,1,1,1,1,3,2,1,2,2,2,2,3,1,2,2,0,2,2,,,3
249,41_ Moments That Matter,1,0,1,1,2,1,0,2,1,1,2,2,1,2,1,2,2,None of,2,2,,,4
250,"41_ Feeling Immersed, Connected & Seen",1,7,2,2,2,2,1,1,2,2,0,2,2,2,2,3,2,2,3,2,,,5
251,41_ New Growth & Purpose,3,0,2,2,2,2,0,1,3,3,0,3,3,0,3,3,3,2,3,3,,,6
252,"42_ Immediate Grief, Shock, and Emotion",1,0,0,0,0,0,1,3,0,0,3,0,1,2,0,1,1,0,1,1,,,1
253,42_ Navigating Family Relationships,1,3,0,1,1,0,2,3,1,0,2,0,2,2,1,1,1,0,2,1,,,2
254,42_ Learning to Process Grief,1,0,1,1,1,1,0,1,1,1,2,0,2,2,1,2,2,This question,2,2,,,3
255,42_ Moments That Matter,1,7,1,1,1,1,1,2,2,1,2,1,2,2,1,2,2,Since there,2,2,,,4
256,"42_ Feeling Immersed, Connected & Seen",1,2,2,2,2,2,0,1,2,2,0,2,2,2,2,2,2,2,3,2,,,5
257,42_ New Growth & Purpose,1,5,2,2,2,2,0,0,3,3,0,3,3,0,3,3,3,2,3,3,,,6
258,"43_ Immediate Grief, Shock, and Emotion",5,7,0,0,0,0,2,2,0,0,3,0,0,3,0,1,1,0,1,1,,,1
259,43_ Navigating Family Relationships,1,0,0,1,1,1,2,2,1,1,3,0,2,2,1,2,1,1,2,1,,,2
260,43_ Learning to Process Grief,1,3,1,1,1,I don,1,1,1,1,2,1,2,2,1,2,2,0,2,2,,,3
261,43_ Moments That Matter,1,3,1,1,1,1,0,1,1,2,2,0,2,2,1,2,2,This question,2,1,,,4
262,"43_ Feeling Immersed, Connected & Seen",1,3,2,2,2,2,2,1,2,2,0,2,2,2,2,2,2,2,2,2,,,5
263,43_ New Growth & Purpose,1,5,2,2,2,2,0,0,3,3,0,3,3,0,3,3,3,2,3,3,,,6
264,"44_ Immediate Grief, Shock, and Emotion",1,0,0,0,0,0,2,2,0,0,3,0,1,3,0,0,1,0,1,1,,,1
265,44_ Navigating Family Relationships,1,7,0,1,0,0,2,3,1,1,2,0,1,3,1,1,1,0,2,1,,,2
266,44_ Learning to Process Grief,1,0,1,1,1,1,1,1,2,2,2,1,2,2,1,2,1,It is,2,1,,,3
267,44_ Moments That Matter,3,0,1,1,1,1,3,1,1,1,2,0,2,2,1,2,2,In this,2,2,,,4
268,"44_ Feeling Immersed, Connected & Seen",1,3,2,2,2,2,0,0,2,2,0,2,2,2,2,2,2,2,2,2,,,5
269,44_ New Growth & Purpose,1,5,2,2,2,2,0,0,3,3,0,3,3,0,3,3,3,2,3,3,,,6
270,"45_ Immediate Grief, Shock, and Emotion",5,3,0,0,0,0,1,3,0,0,3,0,0,3,0,2,1,0,1,1,,,1
271,45_ Navigating Family Relationships,3,0,0,0,1,0,1,2,1,0,2,0,1,2,1,2,1,0,2,1,,,2
272,45_ Learning to Process Grief,1,4,1,1,1,1,0,2,1,1,2,1,2,2,1,2,2,1,2,1,,,3
273,45_ Moments That Matter,My choice,5,1,1,1,2,0,Question:,2,2,2,0,2,2,2,2,2,None of,2,1,,,4
274,"45_ Feeling Immersed, Connected & Seen",1,0,2,2,2,2,0,1,2,2,0,2,2,2,2,2,2,2,2,2,,,5
275,45_ New Growth & Purpose,1,3,2,2,2,2,0,0,3,3,0,3,3,0,3,3,3,2,3,3,,,6
276,"46_ Immediate Grief, Shock, and Emotion",1,5,0,0,0,0,2,2,0,0,3,0,0,3,0,1,0,0,1,1,,,1
277,46_ Navigating Family Relationships,1,0,0,1,1,0,2,2,1,Considering,2,1,1,2,0,1,1,In this,1,1,,,2
278,46_ Learning to Process Grief,1,7,1,1,1,1,1,1,1,2,2,1,2,2,1,2,2,0,2,2,,,3
279,46_ Moments That Matter,2,4,1,1,2,1,1,1,1,1,2,0,2,2,1,2,2,This question,2,1,,,4
280,"46_ Feeling Immersed, Connected & Seen",3,0,2,2,2,2,0,1,2,2,0,2,2,1,2,2,2,2,2,2,,,5
281,46_ New Growth & Purpose,3,4,2,2,2,2,0,0,3,3,0,3,3,0,3,3,3,2,3,3,,,6
282,"47_ Immediate Grief, Shock, and Emotion",2,0,0,0,0,0,2,2,0,0,3,0,1,2,0,1,0,0,1,1,,,1
283,47_ Navigating Family Relationships,1,0,0,1,1,0,1,2,1,1,3,0,0,2,1,1,1,The given,2,1,,,2
284,47_ Learning to Process Grief,1,0,1,1,2,1,1,0,1,2,2,0,2,2,1,2,2,The given,2,1,,,3
285,47_ Moments That Matter,1,7,1,1,1,2,1,1,1,1,3,1,2,3,1,2,2,This question,2,2,,,4
286,"47_ Feeling Immersed, Connected & Seen",1,0,2,2,2,2,0,Option number,2,2,0,2,2,2,2,2,2,2,2,2,,,5
287,47_ New Growth & Purpose,1,5,2,2,2,2,0,1,3,3,0,3,3,0,3,3,3,2,3,3,,,6
288,"48_ Immediate Grief, Shock, and Emotion",1,I found,0,0,0,0,3,3,0,0,3,0,0,3,0,0,0,0,1,1,,,1
289,48_ Navigating Family Relationships,1,3,0,0,1,0,3,2,1,1,3,0,1,2,1,1,2,0,2,1,,,2
290,48_ Learning to Process Grief,1,3,1,1,1,1,2,1,1,1,2,1,2,2,1,1,1,This question,2,1,,,3
291,48_ Moments That Matter,Consider your,7,1,1,1,1,0,2,2,1,2,2,2,2,1,2,2,Considering,2,1,,,4
292,"48_ Feeling Immersed, Connected & Seen",3,0,2,2,2,2,0,1,2,2,0,2,2,2,2,2,2,2,2,2,,,5
293,48_ New Growth & Purpose,1,0,2,2,2,2,0,0,3,3,0,3,3,0,3,3,3,2,3,3,,,6
294,"49_ Immediate Grief, Shock, and Emotion",1,0,0,0,0,0,2,3,0,0,3,0,0,3,0,0,0,0,1,1,,,1
295,49_ Navigating Family Relationships,1,7,0,1,1,0,2,2,1,1,3,0,1,2,1,1,1,0,2,1,,,2
296,49_ Learning to Process Grief,1,0,1,1,1,1,0,2,1,1,3,1,3,2,1,2,2,This question,2,1,,,3
297,49_ Moments That Matter,1,3,0,1,1,1,3,1,1,1,2,2,2,2,1,2,1,The questions,2,1,,,4
298,"49_ Feeling Immersed, Connected & Seen",1,3,2,2,2,2,0,1,2,2,0,2,2,2,2,2,2,2,3,2,,,5
299,49_ New Growth & Purpose,1,0,2,2,2,2,0,0,3,3,0,3,3,0,3,3,3,2,3,3,,,6
300,"50_ Immediate Grief, Shock, and Emotion",3,2,0,0,0,0,4,3,0,1,3,0,0,3,0,0,1,0,1,1,,,1
301,50_ Navigating Family Relationships,1,0,0,1,1,0,2,Question:,1,1,2,0,1,2,1,1,1,0,2,1,,,2
302,50_ Learning to Process Grief,1,0,0,1,1,1,Question answered,3,1,2,3,1,2,2,1,2,1,This question,2,2,,,3
303,50_ Moments That Matter,3,5,1,1,1,1,0,2,2,1,2,0,2,2,1,2,2,0,2,2,,,4
304,"50_ Feeling Immersed, Connected & Seen",1,3,2,2,2,2,0,3,2,2,0,2,2,2,2,2,2,2,2,2,,,5
305,50_ New Growth & Purpose,3,0,2,2,2,2,0,0,3,3,0,3,3,0,3,3,3,2,3,3,,,6
306,"51_ Immediate Grief, Shock, and Emotion",1,4,0,0,0,0,2,4,0,0,3,0,1,3,0,0,0,0,1,1,,,1
307,51_ Navigating Family Relationships,1,4,1,1,1,1,1,2,1,1,2,0,1,2,1,1,1,0,2,1,,,2
308,51_ Learning to Process Grief,1,0,1,1,1,1,0,1,2,2,2,1,2,2,1,2,2,This question,2,2,,,3
309,51_ Moments That Matter,1,2,1,1,1,1,2,2,1,1,2,1,2,2,1,2,2,For this,2,1,,,4
310,"51_ Feeling Immersed, Connected & Seen",1,7,2,2,2,2,0,1,2,2,0,2,2,2,2,2,2,2,3,2,,,5
311,51_ New Growth & Purpose,1,0,2,2,2,2,0,0,3,3,0,3,3,0,3,3,3,2,3,3,,,6
312,"52_ Immediate Grief, Shock, and Emotion",1,2,0,0,1,0,2,1,0,0,2,0,1,3,0,0,0,0,1,1,,,1
313,52_ Navigating Family Relationships,1,0,0,1,1,0,I have,2,1,1,2,0,0,2,1,1,1,0,2,1,,,2
314,52_ Learning to Process Grief,1,0,1,1,1,1,1,2,1,1,2,2,1,2,1,2,1,0,2,1,,,3
315,52_ Moments That Matter,3,3,1,1,1,1,0,2,2,1,2,2,2,2,1,2,2,I have,2,2,,,4
316,"52_ Feeling Immersed, Connected & Seen",1,3,2,2,2,2,0,1,2,2,0,2,2,2,2,2,2,2,2,2,,,5
317,52_ New Growth & Purpose,1,0,2,2,2,2,0,1,3,3,0,3,3,0,3,3,3,2,3,3,,,6
318,"53_ Immediate Grief, Shock, and Emotion",1,5,0,0,0,0,3,3,0,1,3,0,1,3,0,1,0,0,1,1,,,1
319,53_ Navigating Family Relationships,1,5,0,1,1,0,1,2,1,0,3,0,2,2,1,1,1,0,2,1,,,2
320,53_ Learning to Process Grief,1,7,1,1,1,Considering,1,2,1,1,2,1,2,2,1,2,1,0,2,1,,,3
321,53_ Moments That Matter,1,3,1,1,1,2,1,1,1,1,2,0,2,2,1,2,2,This question,2,2,,,4
322,"53_ Feeling Immersed, Connected & Seen",3,5,2,2,2,2,0,1,2,2,0,2,2,2,2,2,2,2,3,2,,,5
323,53_ New Growth & Purpose,1,0,2,2,2,2,0,1,3,3,0,3,3,0,3,3,3,2,3,3,,,6
324,"54_ Immediate Grief, Shock, and Emotion",1,5,0,0,0,0,3,3,0,1,3,0,0,3,0,0,0,0,1,1,,,1
325,54_ Navigating Family Relationships,3,0,0,0,1,1,1,1,1,0,2,0,1,2,1,1,1,0,2,1,,,2
326,54_ Learning to Process Grief,1,7,1,1,1,1,To ensure,3,2,1,2,3,2,2,1,2,2,0,2,2,,,3
327,54_ Moments That Matter,3,5,1,1,2,1,0,2,1,2,2,1,2,2,1,2,1,Disreg,2,1,,,4
328,"54_ Feeling Immersed, Connected & Seen",1,3,2,2,2,2,0,2,2,2,0,2,2,2,2,2,2,2,3,2,,,5
329,54_ New Growth & Purpose,1,5,2,2,2,2,0,0,3,3,0,3,3,0,3,3,3,2,3,3,,,6
330,"55_ Immediate Grief, Shock, and Emotion",1,5,0,0,0,0,Question:,3,0,0,3,0,1,3,0,0,1,0,1,1,,,1
331,55_ Navigating Family Relationships,1,3,0,Neither agree,1,0,3,3,1,0,2,0,1,2,1,1,1,0,2,1,,,2
332,55_ Learning to Process Grief,1,3,1,1,1,1,1,0,1,1,2,1,2,2,1,2,2,0,2,2,,,3
333,55_ Moments That Matter,3,3,1,1,Option chosen,1,1,3,1,1,3,2,2,3,1,2,2,I do,2,1,,,4
334,"55_ Feeling Immersed, Connected & Seen",1,I found,2,2,2,2,0,3,2,2,0,2,2,2,2,2,2,1,3,2,,,5
335,55_ New Growth & Purpose,1,0,2,2,2,2,0,0,3,3,0,3,3,0,3,3,3,2,3,3,,,6
336,"56_ Immediate Grief, Shock, and Emotion",1,3,0,0,0,0,1,Question:,0,1,3,0,1,3,0,1,1,0,1,1,,,1
337,56_ Navigating Family Relationships,1,7,0,1,1,1,2,2,1,1,2,0,1,2,1,2,1,0,2,1,,,2
338,56_ Learning to Process Grief,5,3,1,1,1,1,0,2,1,1,2,1,3,2,1,2,2,The question,2,1,,,3
339,56_ Moments That Matter,1,5,0,1,1,2,1,1,1,2,2,2,2,2,1,2,2,(This,2,1,,,4
340,"56_ Feeling Immersed, Connected & Seen",1,0,2,2,2,2,0,1,2,2,0,2,2,2,2,2,2,2,3,2,,,5
341,56_ New Growth & Purpose,1,4,2,2,2,2,0,0,3,3,0,3,3,0,3,3,3,2,3,3,,,6
342,"57_ Immediate Grief, Shock, and Emotion",3,0,0,0,0,0,3,3,0,1,3,0,1,2,0,0,1,0,1,1,,,1
343,57_ Navigating Family Relationships,1,0,0,1,1,0,2,2,1,1,2,0,2,2,1,1,1,0,2,1,,,2
344,57_ Learning to Process Grief,1,0,1,1,1,1,0,1,2,2,2,1,2,2,1,2,2,Not related,2,2,,,3
345,57_ Moments That Matter,1,7,1,1,1,2,2,1,1,1,2,2,2,2,1,2,2,0,2,1,,,4
346,"57_ Feeling Immersed, Connected & Seen",1,3,2,2,2,2,0,1,2,2,0,2,2,2,2,2,2,2,3,2,,,5
347,57_ New Growth & Purpose,1,0,2,2,2,2,0,0,3,3,0,3,3,0,3,3,3,2,3,3,,,6
348,"58_ Immediate Grief, Shock, and Emotion",2,5,0,0,0,0,1,3,0,0,3,0,0,3,0,0,0,0,1,1,,,1
349,58_ Navigating Family Relationships,This survey,7,0,1,0,1,1,2,1,1,2,0,1,2,1,1,1,0,2,1,,,2
350,58_ Learning to Process Grief,1,7,1,1,1,1,3,1,1,2,2,1,2,2,1,2,1,You are,3,2,,,3
351,58_ Moments That Matter,1,7,1,1,1,2,0,1,1,2,2,0,2,2,1,1,2,0,2,2,,,4
352,"58_ Feeling Immersed, Connected & Seen",1,7,2,2,2,2,0,1,2,2,0,2,2,2,2,2,2,2,3,2,,,5
353,58_ New Growth & Purpose,1,0,2,2,2,2,0,1,3,3,0,3,3,0,3,3,3,2,3,3,,,6
354,"59_ Immediate Grief, Shock, and Emotion",1,5,0,0,0,0,2,3,0,1,3,0,0,3,0,0,1,0,1,1,,,1
355,59_ Navigating Family Relationships,1,0,0,1,1,1,3,2,1,1,3,0,1,2,1,1,1,0,2,1,,,2
356,59_ Learning to Process Grief,1,0,1,1,1,1,2,1,1,2,2,0,2,2,1,2,2,The question,2,2,,,3
357,59_ Moments That Matter,I chose,0,1,1,1,1,1,1,1,1,2,1,2,2,1,2,I would,This question,2,1,,,4
358,"59_ Feeling Immersed, Connected & Seen",3,7,2,2,2,2,0,1,2,2,0,2,2,2,2,2,2,2,2,2,,,5
359,59_ New Growth & Purpose,1,0,2,2,2,2,0,0,3,3,0,3,3,0,3,3,3,2,3,3,,,6
360,"60_ Immediate Grief, Shock, and Emotion",1,5,0,0,0,0,1,2,0,0,3,0,0,3,0,0,0,0,0,1,,,1
361,60_ Navigating Family Relationships,1,7,0,1,0,0,1,2,1,0,3,0,2,2,1,1,1,0,1,1,,,2
362,60_ Learning to Process Grief,1,4,1,1,1,1,0,2,1,I have,2,1,2,2,1,1,2,0,2,2,,,3
363,60_ Moments That Matter,1,5,1,1,1,2,1,1,1,1,3,2,2,2,2,2,1,0,2,1,,,4
364,"60_ Feeling Immersed, Connected & Seen",1,0,2,2,2,2,0,1,2,2,0,2,3,2,2,2,2,2,3,2,,,5
365,60_ New Growth & Purpose,1,0,2,2,2,2,0,0,3,3,0,3,3,0,3,3,3,2,3,3,,,6
366,"61_ Immediate Grief, Shock, and Emotion",1,0,0,1,0,0,2,2,0,0,3,0,1,3,0,1,0,0,0,1,,,1
367,61_ Navigating Family Relationships,1,4,0,1,1,0,1,3,1,1,2,0,0,2,1,1,1,None of,2,1,,,2
368,61_ Learning to Process Grief,1,2,1,1,1,1,1,1,1,1,2,1,2,2,1,2,2,0,2,2,,,3
369,61_ Moments That Matter,1,0,1,1,1,1,0,2,1,1,2,1,2,2,1,2,2,This question,2,1,,,4
370,"61_ Feeling Immersed, Connected & Seen",1,7,2,2,2,2,2,1,2,2,0,2,2,1,2,2,2,2,2,2,,,5
371,61_ New Growth & Purpose,1,0,2,2,2,2,0,0,3,3,0,3,3,0,3,3,3,2,3,3,,,6
372,"62_ Immediate Grief, Shock, and Emotion",1,5,0,0,0,0,2,1,0,1,3,0,1,3,0,0,0,0,1,1,,,1
373,62_ Navigating Family Relationships,1,7,1,1,1,0,1,3,1,0,2,0,1,2,1,1,1,0,2,1,,,2
374,62_ Learning to Process Grief,1,0,0,1,1,0,1,2,1,1,2,2,2,2,1,2,1,This question,2,1,,,3
375,62_ Moments That Matter,1,7,1,1,1,1,1,2,1,1,2,2,2,2,1,2,2,This question,2,2,,,4
376,"62_ Feeling Immersed, Connected & Seen",1,0,2,2,2,2,1,1,2,2,0,2,2,2,2,2,2,2,3,2,,,5
377,62_ New Growth & Purpose,1,0,2,2,2,2,0,0,3,3,0,3,3,0,3,3,3,2,3,3,,,6
378,"63_ Immediate Grief, Shock, and Emotion",1,0,0,0,0,0,3,Question:,0,0,3,0,1,3,0,0,0,0,1,1,,,1
379,63_ Navigating Family Relationships,None of,5,Disag,1,1,0,3,3,1,1,3,1,1,3,0,1,1,0,1,1,,,2
380,63_ Learning to Process Grief,1,7,0,1,1,1,1,2,1,1,2,0,2,2,1,2,2,None of,2,2,,,3
381,63_ Moments That Matter,1,2,1,1,1,1,0,1,1,1,2,0,2,2,1,2,2,This question,2,2,,,4
382,"63_ Feeling Immersed, Connected & Seen",1,3,2,1,2,2,0,2,2,2,0,2,2,2,2,2,2,2,2,2,,,5
383,63_ New Growth & Purpose,3,0,2,2,2,2,0,0,3,3,0,3,3,0,3,3,3,2,3,3,,,6
384,"64_ Immediate Grief, Shock, and Emotion",1,0,0,0,0,0,1,2,0,0,3,0,0,3,0,0,1,0,1,1,,,1
385,64_ Navigating Family Relationships,1,0,0,1,1,0,3,2,1,1,2,0,1,2,1,1,1,0,2,1,,,2
386,64_ Learning to Process Grief,1,0,I would,1,1,0,1,3,2,1,2,2,2,2,1,2,1,You are,2,2,,,3
387,64_ Moments That Matter,3,0,1,1,1,2,1,1,1,2,2,3,2,2,1,2,1,This question,2,2,,,4
388,"64_ Feeling Immersed, Connected & Seen",1,0,2,2,2,2,1,1,2,2,0,2,3,2,2,2,2,1,3,2,,,5
389,64_ New Growth & Purpose,1,5,2,2,2,2,0,0,3,3,0,3,3,0,3,3,3,2,3,3,,,6
390,"65_ Immediate Grief, Shock, and Emotion",1,5,0,0,0,0,2,2,0,0,3,0,1,3,0,1,0,0,1,0,,,1
391,65_ Navigating Family Relationships,1,5,0,1,1,1,0,2,1,1,2,0,1,2,1,1,1,0,1,1,,,2
392,65_ Learning to Process Grief,1,3,1,1,1,1,0,1,1,2,2,2,2,2,1,1,1,0,2,2,,,3
393,65_ Moments That Matter,1,4,1,1,1,1,1,1,1,1,2,0,2,2,2,2,2,This question,2,1,,,4
394,"65_ Feeling Immersed, Connected & Seen",1,5,2,2,2,2,0,1,2,2,0,2,3,2,2,2,2,1,3,2,,,5
395,65_ New Growth & Purpose,1,0,2,2,2,2,0,0,3,3,0,3,3,0,3,3,3,2,3,3,,,6
396,"66_ Immediate Grief, Shock, and Emotion",1,7,0,Disag,0,0,1,2,0,1,3,0,1,3,0,0,0,0,1,1,,,1
397,66_ Navigating Family Relationships,1,0,0,1,0,0,1,2,1,1,3,0,1,2,1,2,1,0,2,1,,,2
398,66_ Learning to Process Grief,1,2,1,1,1,1,3,1,1,1,2,2,2,2,1,2,1,This question,2,1,,,3
399,66_ Moments That Matter,1,I found,1,1,1,1,0,1,1,1,2,2,2,2,1,2,2,This question,3,1,,,4
400,"66_ Feeling Immersed, Connected & Seen",1,7,2,2,2,2,0,0,2,2,0,2,2,2,2,2,2,2,3,2,,,5
401,66_ New Growth & Purpose,1,2,2,2,2,2,0,0,3,3,0,3,3,0,3,3,3,2,3,3,,,6
402,"67_ Immediate Grief, Shock, and Emotion",1,7,0,0,0,0,3,3,0,0,3,0,1,3,0,1,1,0,1,0,,,1
403,67_ Navigating Family Relationships,1,4,1,0,1,0,3,1,1,1,2,0,0,2,0,2,1,0,2,1,,,2
404,67_ Learning to Process Grief,1,3,1,1,1,1,1,1,1,1,2,1,2,2,1,2,1,Considering,2,2,,,3
405,67_ Moments That Matter,1,7,1,1,1,2,0,2,1,1,2,0,2,2,1,2,Option to,This question,2,1,,,4
406,"67_ Feeling Immersed, Connected & Seen",1,2,2,2,2,2,1,2,2,2,0,2,2,2,2,2,2,1,3,2,,,5
407,67_ New Growth & Purpose,1,0,2,2,2,2,0,0,3,3,0,3,3,0,3,3,3,2,3,3,,,6
408,"68_ Immediate Grief, Shock, and Emotion",1,0,0,0,0,0,3,3,0,0,3,0,2,2,0,0,0,0,1,1,,,1
409,68_ Navigating Family Relationships,1,6,1,0,1,0,2,2,1,1,3,0,1,2,1,1,1,The question,2,1,,,2
410,68_ Learning to Process Grief,1,3,1,1,2,1,1,2,1,2,2,1,2,2,1,2,2,0,2,2,,,3
411,68_ Moments That Matter,2,7,1,1,1,1,0,2,1,0,2,0,2,2,1,2,2,0,2,2,,,4
412,"68_ Feeling Immersed, Connected & Seen",1,5,2,2,2,2,0,2,2,2,0,2,2,2,2,3,2,2,2,2,,,5
413,68_ New Growth & Purpose,1,0,2,2,2,2,0,0,3,3,0,3,3,0,3,3,3,2,3,3,,,6
414,"69_ Immediate Grief, Shock, and Emotion",1,5,0,0,0,0,3,1,0,0,3,0,1,3,0,0,0,0,1,1,,,1
415,69_ Navigating Family Relationships,1,5,0,1,1,0,1,2,1,0,2,0,2,2,1,1,1,0,2,1,,,2
416,69_ Learning to Process Grief,1,3,1,1,1,1,2,1,1,1,2,3,2,2,1,2,1,0,2,2,,,3
417,69_ Moments That Matter,3,7,1,1,1,1,1,1,1,2,2,0,2,2,1,2,1,This question,2,2,,,4
418,"69_ Feeling Immersed, Connected & Seen",1,3,2,2,2,2,0,2,2,2,0,2,2,2,2,2,2,Question not,2,2,,,5
419,69_ New Growth & Purpose,3,0,2,2,2,2,0,0,3,3,0,3,3,0,3,3,3,2,3,3,,,6
420,"70_ Immediate Grief, Shock, and Emotion",1,5,0,0,0,0,3,3,0,0,3,0,0,3,0,1,0,0,1,1,,,1
421,70_ Navigating Family Relationships,1,5,1,1,1,0,1,2,1,The question,3,0,1,2,1,1,1,Question Ir,2,1,,,2
422,70_ Learning to Process Grief,1,4,Considering,1,1,1,2,2,1,1,2,1,2,2,1,1,1,This question,2,1,,,3
423,70_ Moments That Matter,1,3,1,0,1,1,0,Considering,1,1,2,0,2,2,1,2,2,0,2,1,,,4
424,"70_ Feeling Immersed, Connected & Seen",1,5,2,2,2,2,0,1,2,2,0,2,2,2,2,3,2,2,3,2,,,5
425,70_ New Growth & Purpose,1,0,2,2,2,2,0,0,3,3,0,3,3,0,3,3,3,2,3,3,,,6
426,"71_ Immediate Grief, Shock, and Emotion",1,7,0,0,0,0,Option,2,0,0,3,0,0,3,0,1,0,0,1,1,,,1
427,71_ Navigating Family Relationships,2,5,0,0,1,1,2,3,1,1,3,0,1,2,1,1,1,0,2,1,,,2
428,71_ Learning to Process Grief,1,0,1,1,1,1,1,This question,1,Considering,2,1,2,2,1,2,2,To remain,2,1,,,3
429,71_ Moments That Matter,3,0,1,1,1,1,1,2,1,1,2,0,2,2,1,2,1,0,2,1,,,4
430,"71_ Feeling Immersed, Connected & Seen",1,3,2,2,1,2,0,1,2,2,0,2,2,2,2,2,2,1,3,2,,,5
431,71_ New Growth & Purpose,1,4,2,2,2,2,0,0,3,3,0,3,3,0,3,3,3,2,3,3,,,6
432,"72_ Immediate Grief, Shock, and Emotion",1,7,0,0,0,0,2,4,0,1,3,0,1,3,0,0,1,0,0,1,,,1
433,72_ Navigating Family Relationships,1,I found,0,1,1,1,1,2,1,0,2,0,1,2,1,1,1,0,2,1,,,2
434,72_ Learning to Process Grief,1,0,1,1,1,1,1,3,1,1,2,0,2,2,2,2,1,0,2,2,,,3
435,72_ Moments That Matter,1,0,1,1,1,2,2,2,1,2,2,2,2,3,1,2,2,I will,2,1,,,4
436,"72_ Feeling Immersed, Connected & Seen",1,4,2,2,2,2,0,0,2,2,0,2,2,2,2,2,2,2,3,2,,,5
437,72_ New Growth & Purpose,1,0,2,2,2,2,0,2,3,3,0,3,3,0,3,3,3,2,3,3,,,6
438,"73_ Immediate Grief, Shock, and Emotion",1,7,0,1,0,0,1,2,0,0,3,0,0,3,0,1,1,0,1,1,,,1
439,73_ Navigating Family Relationships,The selected,0,0,1,1,0,2,2,1,2,3,0,1,2,0,1,1,0,2,1,,,2
440,73_ Learning to Process Grief,1,0,1,1,1,1,1,1,1,2,2,2,3,2,1,2,1,This question,2,1,,,3
441,73_ Moments That Matter,1,4,1,1,1,1,2,1,1,1,2,0,2,2,1,2,2,Question not,2,1,,,4
442,"73_ Feeling Immersed, Connected & Seen",1,3,2,2,2,2,0,3,2,2,0,2,2,2,2,2,2,2,3,2,,,5
443,73_ New Growth & Purpose,1,3,2,2,2,2,0,0,3,3,0,3,3,0,3,3,3,3,3,3,,,6
444,"74_ Immediate Grief, Shock, and Emotion",5,5,0,0,0,0,2,3,0,0,2,0,0,2,0,0,1,0,1,1,,,1
445,74_ Navigating Family Relationships,1,7,0,0,1,0,2,2,1,1,2,0,1,2,1,1,1,0,2,1,,,2
446,74_ Learning to Process Grief,1,I found,1,1,1,1,1,2,1,2,2,1,2,2,1,2,1,0,2,1,,,3
447,74_ Moments That Matter,3,0,1,1,1,1,Option:,1,1,2,2,0,2,2,1,2,2,Please ignore,3,1,,,4
448,"74_ Feeling Immersed, Connected & Seen",3,0,2,2,2,2,0,1,2,2,0,2,2,2,2,2,2,1,3,2,,,5
449,74_ New Growth & Purpose,1,4,2,2,2,2,0,0,3,3,0,3,3,0,3,3,3,2,3,3,,,6
450,"75_ Immediate Grief, Shock, and Emotion",1,0,0,0,0,0,4,3,0,0,3,0,1,2,0,0,1,0,1,1,,,1
451,75_ Navigating Family Relationships,1,5,0,1,1,0,1,Question not,1,1,3,0,1,2,1,1,1,This question,1,1,,,2
452,75_ Learning to Process Grief,1,5,1,1,1,1,0,0,1,1,2,1,2,2,1,2,2,Please note,2,2,,,3
453,75_ Moments That Matter,1,2,1,1,1,1,1,1,1,1,2,0,2,2,1,2,2,This question,2,1,,,4
454,"75_ Feeling Immersed, Connected & Seen",1,0,2,2,2,2,0,0,2,2,0,2,2,2,2,2,2,2,2,2,,,5
455,75_ New Growth & Purpose,1,5,2,2,2,2,0,0,3,3,0,3,3,0,3,3,3,2,3,3,,,6
456,"76_ Immediate Grief, Shock, and Emotion",1,7,0,0,0,0,3,3,0,0,3,0,0,3,0,1,0,0,1,1,,,1
457,76_ Navigating Family Relationships,1,0,0,1,1,1,1,2,1,1,2,0,2,2,1,2,1,0,2,1,,,2
458,76_ Learning to Process Grief,1,0,0,1,1,1,2,1,1,1,2,2,2,2,1,2,1,0,2,1,,,3
459,76_ Moments That Matter,No answer,4,1,1,1,1,1,1,1,2,3,0,2,2,1,2,2,The question,2,2,,,4
460,"76_ Feeling Immersed, Connected & Seen",1,2,2,2,2,2,0,Question:,2,2,0,2,2,2,2,2,2,2,2,2,,,5
461,76_ New Growth & Purpose,1,0,2,2,2,2,0,0,3,3,0,3,3,0,3,3,3,2,3,3,,,6
462,"77_ Immediate Grief, Shock, and Emotion",2,5,0,0,0,0,2,3,0,1,3,0,1,2,0,1,1,0,1,1,,,1
463,77_ Navigating Family Relationships,None of,0,0,1,1,0,1,2,1,1,2,1,2,2,1,1,1,0,1,1,,,2
464,77_ Learning to Process Grief,1,7,1,1,1,1,1,1,1,1,2,1,2,2,1,2,2,This question,2,1,,,3
465,77_ Moments That Matter,1,3,1,1,1,1,2,3,1,2,2,0,2,2,1,2,1,Ignore,2,2,,,4
466,"77_ Feeling Immersed, Connected & Seen",1,2,2,2,2,2,0,2,2,3,0,2,2,2,2,2,2,2,3,2,,,5
467,77_ New Growth & Purpose,1,0,2,2,2,2,0,0,3,3,0,3,3,0,3,3,3,2,3,3,,,6
468,"78_ Immediate Grief, Shock, and Emotion",Selecting,0,0,0,0,0,Question not,1,0,1,3,0,0,3,0,0,0,0,1,1,,,1
469,78_ Navigating Family Relationships,Please choose,0,0,0,1,0,2,2,1,1,2,0,1,3,1,1,1,0,1,1,,,2
470,78_ Learning to Process Grief,1,3,1,1,1,1,1,1,1,1,2,0,2,2,1,2,1,0,2,2,,,3
471,78_ Moments That Matter,3,7,1,1,1,1,0,3,1,2,2,1,2,2,1,2,2,This question,2,2,,,4
472,"78_ Feeling Immersed, Connected & Seen",1,7,2,2,2,2,0,3,2,2,0,2,2,2,2,2,2,2,2,2,,,5
473,78_ New Growth & Purpose,1,0,2,2,2,2,0,0,3,3,0,3,3,0,3,3,3,2,3,3,,,6
474,"79_ Immediate Grief, Shock, and Emotion",1,5,0,0,0,0,1,1,0,0,3,0,0,3,0,0,1,0,1,1,,,1
475,79_ Navigating Family Relationships,1,I found,0,1,1,0,1,2,1,1,2,0,1,2,1,2,1,0,2,1,,,2
476,79_ Learning to Process Grief,1,2,1,1,Question:,1,0,1,1,2,2,2,3,2,1,2,2,0,2,1,,,3
477,79_ Moments That Matter,1,4,1,1,1,1,1,2,1,1,2,2,2,2,1,2,2,Not related,2,2,,,4
478,"79_ Feeling Immersed, Connected & Seen",I chose,3,2,2,2,2,2,2,2,2,0,2,2,2,2,2,2,2,2,2,,,5
479,79_ New Growth & Purpose,1,3,2,2,2,2,0,0,3,3,0,3,3,0,3,3,3,2,3,3,,,6
480,"80_ Immediate Grief, Shock, and Emotion",2,2,0,0,0,0,1,3,0,1,3,0,1,3,0,0,1,0,1,1,,,1
481,80_ Navigating Family Relationships,1,0,0,0,1,0,1,2,1,0,3,0,1,3,1,1,1,0,2,1,,,2
482,80_ Learning to Process Grief,1,2,1,1,1,1,1,1,1,2,2,0,2,2,1,1,2,This question,2,2,,,3
483,80_ Moments That Matter,1,7,1,1,2,1,1,2,1,1,2,0,2,2,1,2,2,Question is,2,2,,,4
484,"80_ Feeling Immersed, Connected & Seen",1,0,2,2,2,2,0,1,2,2,0,2,2,2,2,2,2,1,3,2,,,5
485,80_ New Growth & Purpose,1,5,2,2,2,2,0,0,3,3,0,3,3,0,3,3,3,2,3,3,,,6
486,"81_ Immediate Grief, Shock, and Emotion",1,0,0,1,0,0,1,2,0,0,3,0,0,3,0,0,0,0,1,1,,,1
487,81_ Navigating Family Relationships,1,7,0,1,0,0,1,3,1,In this,2,0,2,3,1,1,1,In this,2,1,,,2
488,81_ Learning to Process Grief,1,2,1,1,1,0,1,1,1,2,2,0,2,2,1,2,1,0,2,2,,,3
489,81_ Moments That Matter,3,7,1,1,1,1,0,1,2,1,2,1,2,2,1,2,2,None of,2,1,,,4
490,"81_ Feeling Immersed, Connected & Seen",1,7,2,2,2,2,0,2,2,2,0,2,2,2,2,2,2,2,2,2,,,5
491,81_ New Growth & Purpose,1,7,2,2,2,2,0,0,3,3,0,3,3,0,3,3,3,2,3,3,,,6
492,"82_ Immediate Grief, Shock, and Emotion",1,5,0,0,0,0,2,4,0,0,3,0,1,3,0,0,1,0,1,1,,,1
493,82_ Navigating Family Relationships,1,0,0,1,1,1,2,3,1,0,2,0,1,2,1,1,1,This question,2,1,,,2
494,82_ Learning to Process Grief,1,0,1,1,1,1,1,1,1,2,2,3,1,2,1,2,1,This question,2,2,,,3
495,82_ Moments That Matter,1,5,1,1,1,1,2,1,1,2,2,3,2,2,1,2,1,This question,2,1,,,4
496,"82_ Feeling Immersed, Connected & Seen",1,4,2,2,2,2,1,1,2,2,0,2,2,2,2,2,2,1,3,2,,,5
497,82_ New Growth & Purpose,1,0,2,2,2,2,0,0,3,3,0,3,3,0,3,3,3,2,3,3,,,6
498,"83_ Immediate Grief, Shock, and Emotion",2,0,0,0,0,0,3,2,0,0,3,0,1,3,0,0,0,0,1,1,,,1
499,83_ Navigating Family Relationships,1,7,1,1,0,1,2,2,0,1,2,0,1,2,1,1,1,0,1,1,,,2
500,83_ Learning to Process Grief,1,I found,1,1,1,1,0,2,1,1,3,0,2,2,1,2,1,0,2,2,,,3
501,83_ Moments That Matter,1,2,1,1,2,1,0,1,1,1,2,0,2,2,2,2,2,No question,2,1,,,4
502,"83_ Feeling Immersed, Connected & Seen",1,7,2,2,2,2,0,1,2,3,0,2,2,2,2,2,2,2,2,2,,,5
503,83_ New Growth & Purpose,1,2,2,2,2,2,0,2,3,3,0,3,3,0,3,3,3,2,3,3,,,6
504,"84_ Immediate Grief, Shock, and Emotion",1,5,0,0,0,0,2,2,0,1,3,0,2,3,0,1,0,0,1,1,,,1
505,84_ Navigating Family Relationships,1,5,1,0,0,0,1,3,1,1,2,0,1,2,1,1,1,0,2,1,,,2
506,84_ Learning to Process Grief,1,0,0,2,1,Considering,1,1,1,2,3,0,2,2,1,2,1,0,2,2,,,3
507,84_ Moments That Matter,1,5,1,1,1,1,1,2,1,2,2,2,2,2,1,2,2,This question,2,1,,,4
508,"84_ Feeling Immersed, Connected & Seen",1,0,2,2,2,2,0,1,2,2,0,2,2,2,2,2,2,2,3,2,,,5
509,84_ New Growth & Purpose,1,0,2,2,2,2,0,0,3,3,0,3,3,0,3,3,3,2,3,3,,,6
510,"85_ Immediate Grief, Shock, and Emotion",1,5,0,0,0,0,1,2,0,1,3,0,0,3,0,0,1,0,0,1,,,1
511,85_ Navigating Family Relationships,1,7,0,1,1,0,2,2,1,1,2,1,1,3,1,1,1,The given,2,1,,,2
512,85_ Learning to Process Grief,1,5,0,1,1,1,1,1,1,1,2,1,2,2,1,2,1,None of,2,2,,,3
513,85_ Moments That Matter,1,0,1,1,2,1,0,2,2,2,2,2,2,2,1,2,2,None of,2,1,,,4
514,"85_ Feeling Immersed, Connected & Seen",1,5,2,2,2,2,0,2,2,2,0,2,2,2,2,2,2,2,3,2,,,5
515,85_ New Growth & Purpose,1,0,2,2,2,2,0,0,3,3,0,3,3,0,3,3,3,2,3,3,,,6
516,"86_ Immediate Grief, Shock, and Emotion",5,0,0,0,0,0,3,1,0,0,3,0,0,3,0,1,0,0,1,1,,,1
517,86_ Navigating Family Relationships,1,0,0,0,1,1,1,2,1,0,2,0,1,2,1,1,1,This question,1,1,,,2
518,86_ Learning to Process Grief,1,7,1,1,1,1,1,1,1,2,2,2,2,2,1,2,1,0,2,1,,,3
519,86_ Moments That Matter,1,3,0,1,1,2,1,3,1,1,2,2,2,2,1,2,2,0,2,2,,,4
520,"86_ Feeling Immersed, Connected & Seen",1,5,2,2,2,2,0,3,2,3,0,2,2,2,2,2,2,2,3,2,,,5
521,86_ New Growth & Purpose,1,5,2,2,2,2,0,0,3,3,0,3,3,0,3,3,3,2,3,3,,,6
522,"87_ Immediate Grief, Shock, and Emotion",5,0,0,0,0,0,2,1,0,1,3,0,0,3,0,0,0,0,1,1,,,1
523,87_ Navigating Family Relationships,1,7,0,0,1,1,2,2,1,1,2,0,1,2,1,1,1,1,2,1,,,2
524,87_ Learning to Process Grief,1,0,1,1,1,1,0,2,1,2,2,0,2,2,1,2,2,These options,2,1,,,3
525,87_ Moments That Matter,2,0,1,1,1,1,0,2,1,2,2,1,3,2,1,2,2,0,2,1,,,4
526,"87_ Feeling Immersed, Connected & Seen",1,3,2,2,2,2,2,1,2,2,0,2,2,2,2,3,2,1,2,2,,,5
527,87_ New Growth & Purpose,1,0,2,2,2,2,0,1,3,3,0,3,3,0,3,3,3,2,3,3,,,6
528,"88_ Immediate Grief, Shock, and Emotion",1,7,0,0,0,0,2,3,0,0,3,0,0,3,0,0,0,0,0,1,,,1
529,88_ Navigating Family Relationships,Question not,I found,0,1,1,1,1,2,1,1,2,0,1,2,0,1,1,0,2,1,,,2
530,88_ Learning to Process Grief,5,7,1,1,1,1,1,2,1,1,2,0,2,2,1,2,1,Since the,2,1,,,3
531,88_ Moments That Matter,2,5,0,1,1,1,0,2,2,1,2,3,2,2,1,2,2,This question,2,1,,,4
532,"88_ Feeling Immersed, Connected & Seen",1,4,2,2,2,2,0,1,2,2,0,2,3,2,2,2,2,2,3,2,,,5
533,88_ New Growth & Purpose,1,0,2,2,2,2,0,0,3,3,0,3,3,0,3,3,3,2,3,3,,,6
534,"89_ Immediate Grief, Shock, and Emotion",1,0,0,0,0,0,4,4,0,0,3,0,1,3,0,0,1,0,1,1,,,1
535,89_ Navigating Family Relationships,2,5,0,1,1,0,2,3,1,1,2,0,1,2,1,1,1,0,2,1,,,2
536,89_ Learning to Process Grief,1,5,1,1,2,1,1,2,1,1,2,1,2,3,1,2,2,0,2,1,,,3
537,89_ Moments That Matter,1,7,1,1,1,1,2,1,1,1,2,1,2,2,1,2,2,None of,2,1,,,4
538,"89_ Feeling Immersed, Connected & Seen",1,4,2,2,2,2,1,0,2,2,0,2,2,2,2,2,2,1,3,2,,,5
539,89_ New Growth & Purpose,1,5,2,2,2,2,0,0,3,3,0,3,3,0,3,3,3,3,3,3,,,6
540,"90_ Immediate Grief, Shock, and Emotion",1,5,0,0,0,0,To answer,Considering,0,0,3,0,0,3,0,1,1,0,1,1,,,1
541,90_ Navigating Family Relationships,1,0,0,0,1,0,2,2,1,1,2,0,0,2,1,1,1,0,2,1,,,2
542,90_ Learning to Process Grief,1,4,1,1,1,1,0,1,1,1,2,1,2,2,1,2,2,Note that,2,2,,,3
543,90_ Moments That Matter,1,0,1,1,1,2,0,This survey,1,1,2,3,2,2,1,2,2,The question,2,1,,,4
544,"90_ Feeling Immersed, Connected & Seen",Considering,5,2,2,2,2,0,1,2,2,0,2,2,2,2,3,2,2,3,2,,,5
545,90_ New Growth & Purpose,1,7,2,2,2,2,0,0,3,3,0,3,3,0,3,3,3,2,3,3,,,6
546,"91_ Immediate Grief, Shock, and Emotion",This survey,0,0,0,0,0,2,2,0,1,3,0,1,3,0,0,0,0,1,1,,,1
547,91_ Navigating Family Relationships,1,5,0,1,1,1,3,2,1,1,3,0,2,2,1,1,1,0,2,1,,,2
548,91_ Learning to Process Grief,1,0,1,1,1,1,1,1,1,2,2,1,3,2,1,2,1,0,2,2,,,3
549,91_ Moments That Matter,1,0,1,1,1,1,1,2,2,1,2,2,2,2,1,2,2,Choosing,2,1,,,4
550,"91_ Feeling Immersed, Connected & Seen",3,7,2,2,2,2,0,1,2,2,0,2,2,2,2,2,2,2,2,2,,,5
551,91_ New Growth & Purpose,1,0,2,2,2,2,0,0,3,3,0,3,3,0,3,3,3,2,3,3,,,6
552,"92_ Immediate Grief, Shock, and Emotion",3,7,0,0,0,0,2,2,0,0,3,0,1,3,0,0,1,0,1,1,,,1
553,92_ Navigating Family Relationships,3,0,0,1,1,0,2,3,1,In the,2,0,1,2,1,1,1,0,2,1,,,2
554,92_ Learning to Process Grief,5,0,1,1,1,1,1,3,1,1,2,1,2,2,1,2,1,1,2,2,,,3
555,92_ Moments That Matter,1,0,1,1,2,1,1,1,1,2,2,0,2,2,1,2,2,None of,2,1,,,4
556,"92_ Feeling Immersed, Connected & Seen",1,5,2,2,2,2,0,2,2,2,0,2,2,2,2,3,2,1,3,2,,,5
557,92_ New Growth & Purpose,1,0,2,2,2,2,0,0,3,3,0,3,3,0,3,3,3,2,3,3,,,6
558,"93_ Immediate Grief, Shock, and Emotion",1,0,0,0,0,0,This question,2,0,0,3,0,0,3,0,0,1,0,0,1,,,1
559,93_ Navigating Family Relationships,1,I found,0,1,1,0,1,2,1,0,2,0,1,2,1,1,1,0,2,1,,,2
560,93_ Learning to Process Grief,1,5,1,1,1,1,1,1,1,1,2,1,2,2,1,1,2,I have,2,1,,,3
561,93_ Moments That Matter,1,7,1,1,1,1,0,1,1,2,2,3,2,2,1,2,1,This question,2,2,,,4
562,"93_ Feeling Immersed, Connected & Seen",2,I found,2,2,2,2,0,0,2,2,0,2,2,2,2,2,2,1,3,2,,,5
563,93_ New Growth & Purpose,1,0,2,2,2,2,0,0,3,3,0,3,3,0,3,3,3,2,3,3,,,6
564,"94_ Immediate Grief, Shock, and Emotion",1,7,0,1,0,0,3,3,0,0,3,0,0,3,0,0,1,0,1,1,,,1
565,94_ Navigating Family Relationships,1,3,0,0,1,1,2,2,1,1,3,0,1,2,1,1,1,0,2,1,,,2
566,94_ Learning to Process Grief,1,0,1,1,1,1,0,Question not,1,1,2,1,1,2,1,2,2,0,2,2,,,3
567,94_ Moments That Matter,3,5,1,1,1,1,1,1,2,2,2,3,2,3,1,2,2,1,2,1,,,4
568,"94_ Feeling Immersed, Connected & Seen",1,2,2,2,2,2,1,0,2,2,0,2,2,2,2,2,2,2,2,2,,,5
569,94_ New Growth & Purpose,1,5,2,2,2,2,0,0,3,3,0,3,3,0,3,3,3,2,3,3,,,6
570,"95_ Immediate Grief, Shock, and Emotion",3,0,0,0,0,0,2,2,0,0,3,0,0,3,0,1,1,0,1,1,,,1
571,95_ Navigating Family Relationships,1,3,0,1,1,0,1,2,1,0,2,1,1,2,1,1,1,0,2,1,,,2
572,95_ Learning to Process Grief,1,5,1,1,1,1,2,2,1,2,2,1,2,2,1,2,2,This question,2,2,,,3
573,95_ Moments That Matter,Numbers,5,1,1,1,1,2,3,1,1,2,0,2,2,1,2,1,This question,2,2,,,4
574,"95_ Feeling Immersed, Connected & Seen",1,7,2,2,2,2,0,2,2,2,0,2,3,2,2,2,2,2,2,2,,,5
575,95_ New Growth & Purpose,1,5,2,2,2,2,0,0,3,3,0,3,3,0,3,3,3,2,3,3,,,6
576,"96_ Immediate Grief, Shock, and Emotion",The given,0,0,0,0,0,2,3,0,0,3,0,0,3,0,0,0,0,1,1,,,1
577,96_ Navigating Family Relationships,Please consider,7,0,1,1,1,2,2,1,1,2,0,1,2,1,2,1,0,1,1,,,2
578,96_ Learning to Process Grief,2,4,1,1,1,1,1,2,1,Considering,2,0,2,2,1,1,1,0,2,1,,,3
579,96_ Moments That Matter,1,0,1,2,1,1,0,2,1,1,2,3,2,2,1,2,2,0,2,2,,,4
580,"96_ Feeling Immersed, Connected & Seen",3,5,2,2,2,2,0,1,2,2,0,2,2,2,2,2,2,2,3,2,,,5
581,96_ New Growth & Purpose,1,0,2,2,2,2,0,0,3,3,0,3,3,0,3,3,3,2,3,3,,,6
582,"97_ Immediate Grief, Shock, and Emotion",1,0,0,0,0,0,2,1,0,0,3,0,0,3,0,0,0,0,1,1,,,1
583,97_ Navigating Family Relationships,1,0,1,1,1,0,1,3,1,1,2,0,1,3,1,1,1,0,2,1,,,2
584,97_ Learning to Process Grief,1,5,1,1,1,1,1,3,1,2,2,2,2,2,1,2,1,I understand,2,2,,,3
585,97_ Moments That Matter,1,0,1,1,1,1,1,1,1,2,2,0,2,2,1,2,2,0,2,1,,,4
586,"97_ Feeling Immersed, Connected & Seen",1,5,2,2,2,2,0,0,2,2,0,2,2,2,2,2,2,2,2,2,,,5
587,97_ New Growth & Purpose,1,5,2,2,2,2,0,0,3,3,0,3,3,0,3,3,3,2,3,3,,,6
588,"98_ Immediate Grief, Shock, and Emotion",Your choices,0,0,0,0,0,2,3,0,0,3,0,0,3,0,0,1,0,1,1,,,1
589,98_ Navigating Family Relationships,Number corresponding,3,0,1,1,0,1,2,1,1,3,0,1,3,1,1,1,0,2,1,,,2
590,98_ Learning to Process Grief,5,5,1,1,1,1,0,0,2,1,2,0,2,3,1,2,1,0,2,1,,,3
591,98_ Moments That Matter,2,5,1,1,1,1,2,2,1,1,2,3,2,2,1,2,2,This question,3,1,,,4
592,"98_ Feeling Immersed, Connected & Seen",The question,2,2,2,2,2,0,1,2,2,0,2,2,2,2,2,2,2,2,2,,,5
593,98_ New Growth & Purpose,1,0,2,2,2,2,0,0,3,3,0,3,3,0,3,3,3,2,3,3,,,6
594,"99_ Immediate Grief, Shock, and Emotion",1,0,0,0,0,0,2,2,0,1,3,0,1,3,0,0,1,0,1,1,,,1
595,99_ Navigating Family Relationships,1,I found,1,1,1,1,1,3,1,1,2,0,1,2,1,1,1,0,1,1,,,2
596,99_ Learning to Process Grief,1,0,0,1,1,1,2,1,1,2,2,2,2,2,1,2,1,The question,2,1,,,3
597,99_ Moments That Matter,1,3,1,1,1,1,2,1,1,2,2,0,2,2,1,2,2,0,3,1,,,4
598,"99_ Feeling Immersed, Connected & Seen",2,0,2,2,2,2,0,2,2,2,0,2,2,2,2,2,2,1,2,2,,,5
599,99_ New Growth & Purpose,3,2,2,2,2,2,0,0,3,3,0,3,3,0,3,3,3,2,3,3,,,6
