,Id,label,q1,q2,q3,q4,q5,q6,q7,q8,q9,q10,q11,q12,q13,q14,q15,q16,q17,q18,q19,q20,q21,q22
0,"0__Immediate_Grief,_Shock,_and_Emotion",1,1,2,2,2,2,2,0,1,2,2,1,2,1,2,2,2,2,2,2,2,The highlight of the weekend for me was participating in the group activity where we shared our stories and supported one another. It was during this moment that I realized I was not alone in my grief and that it's okay to seek help. Hearing from others who have faced similar experiences brought comfort and hope. What resonated with me the most was a workshop led by a grief and trauma expert. They provided practical tools to cope with isolation and the challenges of managing responsibilities alone. I left that session feeling a sense of purpose that I hadn't felt in a long time and I truly believe it was a breakthrough moment for me.,"The TAPS Seminar was a valuable experience that provided a safe space for me to connect with others and learn tools to cope with my grief. I appreciated the emphasis on self-care and managing family responsibilities. However, I would suggest incorporating more age-specific content for younger participants like myself, as I sometimes felt disconnected from discussions not fully addressing the unique challenges children and teens face. Overall, I am grateful for the supportive community TAPS provides and hope future seminars continue to prioritize the needs of all family members, including children and teens."
1,0__Navigating_Family_Relationships,2,2,2,2,2,2,1,0,0,2,2,1,2,2,2,2,2,2,2,2,2,"Mi momento favorito del fin de semana fue durante la actividad de grupo donde compartimos nuestras emociones y experiencias de manera abierta y sin juicio. Fue poderoso escuchar las historias de otros que también están lidiando con el dolor y la pérdida. 

Un momento de avance significativo para mí fue cuando nos animaron a expresar nuestras emociones a través de la creación de un ""Collage de Corazones Sanadores"" con nuestra familia. Me permitió validar mi dolor y expresar lo que he estado sintiendo de una manera creativa y catártica. Fue una experiencia conmovedora que me hizo sentir más conectado con mi familia y me enseñó la","The TAPS seminar was a valuable experience for our family as we navigated the complex emotions of grief and loss. The supportive environment allowed us to openly share our feelings and connect with others who are going through similar challenges. 

One area where I believe the seminar could be improved is by providing more guidance on how to navigate difficult family dynamics that may arise during the grieving process. While the focus was largely on individual healing, I think additional tools and strategies for fostering healthy communication and understanding within the family unit would be beneficial.

Overall, we are grateful for the opportunity to attend the TAPS seminar and appreciate the resources and support provided. The experience has helped us grow closer as a family and given us a renewed sense of hope as we continue on our healing"
2,0__Learning_to_Process_Grief,3,1,2,2,2,2,2,0,0,3,2,1,2,2,1,2,2,2,2,2,2,"The most meaningful moment for me was during the group chat for kids, led by a very smart and caring leader. It was a deep experience where everyone was kind and made the kids feel safe to express their feelings. Making friends with other kids who understood and shared our common pain was easy. Our leader guided us well and made sure we knew we weren't alone. They helped us understand why what happened had to happen to make the world safe. My child felt proud and stronger after this. TAPS was always there to help us with what we needed and give good advice. They gave us hope and made us believe we can handle what comes next after losing our loved one.","The TAPS Seminar was an incredibly meaningful and healing experience for our entire family. The opportunity to connect with others who understand and share in our grief has been invaluable. The supportive environment allowed us to open up and process our emotions in a healthy way. We are so grateful for the resources, workshops, and connections that TAPS provided. This weekend has given us strength and hope as we continue on our journey of healing together. Thank you to the amazing TAPS staff and volunteers for all you do to support grieving families like ours. We feel so blessed to be part of the TAPS family."
3,0__Moments_That_Matter,4,3,2,2,2,2,2,0,0,2,2,1,2,2,1,2,2,2,2,2,2,"My favorite moment of the TAPS weekend was the candlelight vigil where we had the opportunity to honor and remember our loved ones. Seeing the love and support from the TAPS community during this emotional time was incredibly meaningful. I also had a breakthrough moment during one of the grief education sessions when I realized that it's okay to feel joy and happiness again, even while still grieving. This gave me hope for the future and helped me see that I can continue to live a fulfilling life while still honoring the memory of my loved one.","The TAPS Seminar was an incredibly transformative experience for me. The combination of grief education, emotional support, and opportunities to connect with others who have experienced a similar loss created a safe and understanding environment to process my grief. The TAPS staff and volunteers were compassionate, knowledgeable, and genuinely dedicated to supporting grieving families. I appreciated the variety of activities and sessions offered, which allowed me to explore different aspects of my grief journey. The connections I made with other survivors will be a lasting source of support and comfort. I feel grateful to have attended this seminar and highly recommend it to anyone grieving the loss of a loved one. Thank you, TAPS, for the invaluable resources and support you provide to those navigating the complex journey of grief."
4,"0__Feeling_Immersed,_Connected_&_Seen",5,1,2,2,2,2,2,0,0,2,2,1,2,2,1,3,2,2,2,2,2,"My favorite moment of the weekend was the opportunity to connect with other families who have experienced similar losses. The shared experiences allowed us to provide each other with comfort and understanding, creating a sense of community that I had not felt before. This experience was a breakthrough moment for me as it strengthened my connection with the surviving family unit and allowed me to see the importance of seeking and offering support from others who truly understand our unique grief journey. I am grateful for the tools and resources provided by TAPS and the opportunity to learn from grief and trauma experts, which have empowered me to start finding new purpose and goals in my life.","The TAPS seminar was an incredibly transformative and healing experience for me. I am so grateful for the opportunity to connect with others who truly understand the unique grief journey I am on. The workshops and discussions provided valuable insights and coping strategies that I will carry with me as I continue to navigate this path.

I appreciate the dedication and compassion of the TAPS staff and volunteers, who created a safe and supportive environment for all of us to share our stories and emotions. Their expertise and guidance have empowered me to find new purpose and meaning in my life, while still honoring the memory of my loved one.

Thank you, TAPS, for providing this invaluable service and for being a beacon of hope and support for those of us who have experienced the profound loss of"
5,0__New_Growth_&_Purpose,6,1,2,2,2,2,2,0,0,3,3,0,3,3,1,3,3,3,2,2,2,"My favorite moment of the weekend was spending quality time with my family. We had a nice meal together and caught up on each other's lives. It was heartwarming to connect with loved ones.

I didn't have any major breakthrough moments, but I did have some insightful conversations that gave me a fresh perspective on a few things I've been pondering lately. It's always valuable to get outside your own head and hear other viewpoints. Those discussions helped me see things in a new light.","The TAPS seminar was a very meaningful experience for me. The program provided a safe and supportive space to process grief and connect with others who understand the unique challenges of losing a loved one in military service. 

I appreciated the variety of sessions, from the practical workshops on coping skills to the more reflective discussions and ceremonies. Each piece had value and helped round out the weekend. The volunteers and staff were kind, compassionate and knowledgeable. You could feel the care put into every aspect.

Being with other survivors who truly ""get it"" was powerful and healing in a way that's hard to put into words. The bonds formed and stories shared will stay with me. I left the seminar feeling more supported, understood and equipped to continue on my grief journey."
6,"1__Immediate_Grief,_Shock,_and_Emotion",1,1,2,2,2,2,2,0,1,2,2,1,2,1,2,2,2,2,1,2,2,"""During the weekend, my favorite moment was the group activity where we created art to express our emotions. It was cathartic to paint and draw alongside others who are also grieving. I felt a strong sense of unity and support in that shared experience.

My breakthrough moment came when I realized that I'm not alone in this journey. I met another survivor who shared their story of finding purpose after loss. Hearing their experience gave me hope that I can honor my loved one while also growing and finding meaning in my own life. I'm grateful for the connections and resources TAPS provided.""","""The TAPS Seminar was a valuable experience overall. I appreciated the opportunity to connect with other survivors and gain support from people who understand what I'm going through. The emotional support and practical resources provided were helpful.

However, as a young surviving family member, I sometimes felt that the guidance and activities were not always tailored to my specific needs and challenges. It would be beneficial to have more targeted support for grieving children and teenagers to help us navigate our unique journeys and find purpose after loss. Overall, I'm grateful for the experience but believe there is room for improvement in addressing the needs of younger survivors."""
7,1__Navigating_Family_Relationships,2,1,2,2,2,2,1,1,0,2,2,1,2,2,1,2,2,1,2,2,2,One of my favorite moments of the weekend was during the small group sessions when we shared our stories and connected with others who are going through similar experiences. It was comforting to know that I'm not alone in my grief journey. I had a breakthrough moment during one of these sessions when I realized that it's okay to lean on others for support and that I don't have to go through this process alone. The love and understanding I felt from the group gave me a sense of hope and strength to keep moving forward.,"Overall, I found the TAPS Seminar to be a valuable experience that provided me with tools and resources to help navigate my grief journey. The connections I made with other attendees and the opportunity to share our stories in a safe and supportive environment were truly meaningful. However, I believe that the seminar could be improved by offering more targeted support for families dealing with loss. As I mentioned earlier, incorporating workshops or support groups focused on enhancing communication and understanding among family members would be beneficial. Additionally, providing more guidance on how to address the unique challenges that each family faces when coping with grief could make the seminar even more effective. Despite these suggestions for improvement, I am grateful for the opportunity to attend the TAPS Seminar and appreciate the dedication of the organization in supporting"
8,1__Learning_to_Process_Grief,3,"2,",2,2,2,2,2,0,0,3,2,1,2,2,1,2,2,2,2,2,2,"Free Text Response 2: My favorite moment of the weekend was the poignant candlelight vigil held in honor of our fallen heroes. As we gathered together, each person holding a candle, the sense of unity and shared grief was palpable. The vigil provided a sacred space for us to not only remember and celebrate the lives of our loved ones but also to find comfort and support in the embrace of our TAPS family.

For me, the most profound breakthrough moment occurred during the small group discussions. Sharing my story and listening to others who have experienced similar losses created a powerful connection that I had never felt before. It was in those moments that I realized I am not alone in my grief journey, and that there is strength and healing in the shared experiences","Free Text Response 3: I want to express my heartfelt gratitude to TAPS for organizing such a profound and transformative seminar. The entire experience was meticulously planned, catering to the diverse needs of all attendees, regardless of their age or stage in the grief journey. The TAPS staff and volunteers demonstrated immense compassion, understanding, and dedication, ensuring that every participant felt supported and valued throughout the weekend.

The seminar provided a unique opportunity for my child and me to connect with others who share similar experiences, creating a sense of community and belonging that we had never felt before. The workshops and activities were thoughtfully designed to promote healing, self-discovery, and personal growth, empowering us with the tools and resilience needed to navigate our grief journey.

I am particularly"
9,1__Moments_That_Matter,4,3,2,2,2,2,2,0,0,3,3,1,2,2,1,2,2,2,2,2,2,"One of the most impactful moments of the TAPS Seminar weekend was during the group activities that allowed us to share our experiences and connect with others who truly understand our journey. As we opened up about our loved one's legacy and how we can carry it forward, we discovered a newfound sense of comfort in discussing their memory. The breakthrough for us came in realizing that even though our loved one is no longer physically present, their spirit will continue to live through our family and the memories we cherish. This realization brought a profound sense of comfort and closure, helping us navigate these challenging times and appreciate the special moments with our surviving family members even more deeply.","The TAPS Seminar was an incredibly transformative experience for me. The expertise and compassion of the TAPS staff and volunteer professionals created a safe and supportive environment where I could openly discuss my grief journey. Their dedication to guiding us through various group sessions and activities was truly inspiring.

One of the most valuable aspects of the seminar was learning coping strategies and tools to help navigate the complex emotions associated with grief. The workshops provided practical techniques that I can apply in my daily life to manage the waves of grief, especially during difficult moments like anniversaries and holidays.

Additionally, the connections I made with other surviving family members were invaluable. Sharing stories, tears, and laughter with individuals who truly understand the unique challenges of losing a loved one in service created a sense of"
10,"1__Feeling_Immersed,_Connected_&_Seen",5,1,2,2,2,2,2,0,0,2,2,1,2,2,1,2,2,2,2,2,2,"Mi momento favorito del fin de semana fue la sesión de grupo donde todos compartimos nuestras historias y experiencias personales. Fue profundamente conmovedor escuchar a otros que han pasado por situaciones similares y entender que no estaba solo en este viaje.

El momento de mayor impacto para mí fue durante el panel de discusión sobre encontrar un nuevo propósito y establecer metas para ayudarnos a avanzar hacia la integración positiva. Esto realmente resonó conmigo y me hizo darme cuenta de que necesito enfocarme en mi propio crecimiento personal y bienestar para poder seguir honrando la memoria de mi ser querido. El seminario me ha dado la motivación","The TAPS Seminar was an incredibly transformative experience for me. I am grateful for the opportunity to connect with others who have gone through similar experiences and for the professional guidance provided by the TAPS team. The workshops and resources offered were invaluable in helping me navigate my grief journey and find a sense of purpose moving forward.

I appreciate the emphasis on creating a supportive community and the encouragement to continue utilizing the resources and connections made during the seminar. The TAPS Seminar has provided me with the tools, support, and motivation to continue on my path towards healing and positive integration. Thank you, TAPS, for this life-changing experience."
11,1__New_Growth_&_Purpose,6,1,2,2,2,2,2,0,0,3,3,0,3,2,1,3,3,3,2,2,2,"The most meaningful moment for me was during the panel discussion when I realized that I'm not alone in my grief journey. Hearing others share their stories of loss and resilience inspired me to open up about my own experiences. This breakthrough moment sparked a desire within me to not only heal myself but to also support and uplift others who are navigating their own grief. I feel a renewed sense of purpose in volunteering and contributing to the TAPS community's mission of providing love, support, and healing to all those who have lost a loved one in service to our nation.","The TAPS Seminar experience surpassed my expectations in every way. The warmth and compassion of the TAPS staff and volunteers created a safe and supportive environment for all attendees. The workshops and activities were well-organized and provided valuable tools for coping with grief. I appreciated the variety of options available, allowing each person to tailor their experience to their own needs and preferences.

The connections I made with other surviving family members were incredibly meaningful. Sharing stories, tears, and laughter with others who understand this unique journey created a sense of camaraderie and support that I hadn't found elsewhere. I left the seminar feeling empowered, connected, and hopeful for the future.

I am so grateful to TAPS for providing this life-changing opportunity and for their ongoing commitment to supporting"
12,"2__Immediate_Grief,_Shock,_and_Emotion",1,3,2,2,2,2,1,1,1,2,2,1,2,2,2,2,2,1,2,2,2,"""During the weekend seminar, my favorite moment was when we were encouraged to share our stories with each other. It felt like a beacon of light in my otherwise dark and overwhelming journey. We were all struggling, and there was a certain comfort in knowing that we're not alone in this. It's not easy to handle everything by myself, especially as a surviving child. I feel deeply disconnected without guidance and attention from my grieving adults, but sharing my experiences with everyone at TAPS gave me some sense of purpose and connection. Though I still face many challenges, this weekend has reminded me that we're all in this together, and that is what I find immensely comforting.""","""As a surviving child, the TAPS Seminar proved to be a valuable experience in helping me better understand and cope with the overwhelming emotions I have been experiencing since the loss of my family member. The seminar provided a safe space for me to connect with others who were going through similar struggles and allowed me to feel supported and understood.

One aspect of the seminar that stood out to me was the emphasis on the importance of self-care and taking time to focus on my own well-being, while also acknowledging the challenges of managing family responsibilities in the midst of grief. The workshops and activities offered valuable tools and resources that have helped me to navigate this difficult journey and find a renewed sense of purpose.

However, I would suggest that TAPS consider incorporating more age-specific content"
13,2__Navigating_Family_Relationships,2,2,2,2,2,2,2,0,1,2,2,1,2,2,1,2,2,2,1,2,2,"""During the TAPS seminar, my favorite moment was the group discussion session where we openly shared our grief experiences. It provided a sense of relief to express my emotions and concerns about the tension within my family.

I had a breakthrough moment during a private conversation with a grief expert who helped me understand that it's normal for family members to be at different stages in their grief journey. This insight allowed me to let go of unrealistic expectations I had for my family's grief experience and focus on my own emotional healing.

I'm grateful for the safe space and opportunities TAPS provided for growth, learning, and connection with others on a similar journey.""","""The TAPS Seminar was valuable in helping me understand my family's unique grief experiences. It provided a safe space to connect with other survivors and learn from experts in grief and trauma.

However, I noticed tension within my family during the seminar, as we each cope with our loss differently. Some family members were more open to seeking support, while others did not feel comfortable expressing their emotions. This highlighted the need for a more tailored approach to support each person individually.

To improve the seminar experience, I suggest providing additional resources for family members who may not be open to seeking help or support from others. Including workshops or sessions specifically for families with varied levels of engagement in the grieving process could help bridge the gap within the family unit and ensure everyone receives the support"
14,2__Learning_to_Process_Grief,3,1,2,2,2,2,2,0,0,3,2,1,2,2,2,2,2,2,2,2,2,"The most impactful moment for me during the TAPS seminar was the group sharing session where both adults and children openly shared their stories and emotions. Witnessing the vulnerability, unity and empathy among participants was deeply moving. This experience allowed our family to process our grief together, find solace in shared experiences, and connect with others on a similar journey. The supportive environment curated by TAPS provided comfort and strengthened our family bond. We are immensely grateful for their efforts in creating a safe space for healing and forging meaningful relationships with others navigating the path of grief.","My experience at the TAPS Seminar was incredibly meaningful and supportive. The opportunity to connect with other surviving children who truly understood what I was going through provided a deep sense of comfort and validation. Being able to openly share our emotions together was profoundly reassuring.

I also had a breakthrough moment during the children's activity when the counselor helped us understand that our emotions are valid and normal, and that it's okay to seek support and love from our family, friends, and the TAPS community. This gave me the courage to speak more openly about my feelings, not just with my parents, but also with my siblings. I am truly grateful for the guidance and acknowledgment of our grief that TAPS provided over the weekend. It was a necessary step in my grief"
15,2__Moments_That_Matter,4,2,2,2,2,2,2,0,0,3,2,1,2,2,1,2,2,2,2,2,2,"My favorite moment of the TAPS weekend was the candle lighting ceremony on the last night. As each family shared their loved one's story and lit a candle in their memory, I felt a deep sense of connection and support. This poignant ritual allowed us to honor our fallen heroes together and find strength in our shared grief journey.

A breakthrough moment for me occurred during the small group discussions. Hearing others express their pain, guilt, and struggles helped me realize that I am not alone in this difficult path. Their candid sharing gave me the courage to open up about my own challenges and find a sense of validation and understanding. These conversations reminded me that while the grief journey is painful, we do not have to walk it alone. TAPS provides a loving community","The TAPS Seminar was a transformative experience for me. The combination of educational sessions, small group discussions, and memorial events provided a comprehensive approach to healing. The TAPS staff and volunteers created a safe, compassionate space for us to explore our grief and find hope for the future.

I appreciated the diversity of perspectives and experiences represented among the attendees. Connecting with others who have lost a loved one in service allowed me to feel less isolated in my grief. The sense of community and mutual support was powerful and uplifting.

The seminar also provided valuable tools and resources to help me navigate this journey. The educational sessions on grief, trauma, and self-care gave me a deeper understanding of the grief process and strategies to cope with its challenges. I feel better equipped to"
16,"2__Feeling_Immersed,_Connected_&_Seen",5,1,2,2,2,2,2,0,0,2,2,1,2,2,1,2,2,2,2,2,2,My favorite moment of the weekend was during the group discussion when we shared our stories and experiences. It was comforting to know that I'm not alone in this journey. My breakthrough moment came when the trauma expert emphasized the importance of finding new purpose and setting goals for positive integration. This motivated me to focus on my personal growth and well-being to honor the memory of my loved one. TAPS provided the support and community I needed for this realization.,"The TAPS seminar exceeded my expectations in providing a supportive and understanding environment for grieving families. The connections I made with others who have experienced similar losses were invaluable, and the guidance from grief and trauma experts gave me the tools I needed to start finding new purpose in my life. I am grateful for the opportunity to learn and grow alongside the TAPS community, and I highly recommend this experience to any grieving military family. Thank you, TAPS, for your dedication to supporting and empowering survivors like me."
17,2__New_Growth_&_Purpose,6,3,3,2,2,2,2,0,0,2,2,1,2,2,1,2,2,2,2,2,2,"""My favorite moment of the weekend was the candlelight vigil, where we came together to honor and remember our loved ones. The sense of community and shared grief was incredibly powerful and healing.

I had a significant breakthrough during the grief education session on complicated grief. Learning about the signs and symptoms helped me realize that I've been struggling with this for some time. The session provided me with tools and strategies to begin processing my grief in a healthier way. I feel a renewed sense of hope and a path forward in my grief journey.""","""The TAPS Seminar experience exceeded my expectations in every way. The combination of emotional support, educational sessions, and opportunities for self-expression created a safe and nurturing environment for healing. I am deeply grateful for the connections I made with others who understand the unique pain of losing a loved one in service to our country.

I would like to see more sessions focused on coping with the anniversary of a loved one's death and navigating complex family dynamics in grief. Additionally, I believe incorporating more mindfulness and meditation practices could be beneficial for managing the intense emotions that arise during the seminar.

Overall, I am incredibly thankful for the TAPS community and the transformative impact this seminar has had on my grief journey. I look forward to staying connected and giving back to this remarkable organization"
18,"3__Immediate_Grief,_Shock,_and_Emotion",1,1,2,2,2,2,2,1,1,2,2,1,2,1,2,2,1,2,2,2,2,"""My favorite moment of the weekend was sharing my story with others in the group activity. It was comforting to know that I am not alone in my grief and struggles. A breakthrough moment for me was during a workshop led by a grief and trauma expert. They provided practical tools to cope with isolation and managing responsibilities alone, which gave me a renewed sense of purpose. The weekend reminded me that we're all in this together, and that support and connection are crucial in the healing process.""","""The TAPS Seminar was a transformative experience for me. The opportunity to connect with others who have faced similar losses and to share our stories in a safe and supportive environment was incredibly healing. The workshops and group activities provided valuable tools and insights for navigating the grief journey. I am grateful for the dedication and compassion of the TAPS staff and volunteers. This seminar has given me hope and strength to continue on my path of healing and growth. Thank you, TAPS, for creating such a powerful and meaningful experience."""
19,3__Navigating_Family_Relationships,2,1,2,2,2,2,2,0,0,3,2,1,2,2,1,2,2,2,2,2,2,"""My favorite moment of the weekend was during the group discussion session, where we were encouraged to share our grief experiences openly and honestly with each other. For the first time, I felt a sense of relief in expressing my emotions and concerns about the tension within my family unit and the lack of support I've been experiencing.

During a private conversation with one of the grief experts, I had a breakthrough moment that allowed me to gain some clarity on my situation. I was told that it's normal for family members to be at different stages in their grief journey, and that I shouldn't compare my process to others. This insight has helped me to let go of the unrealistic expectations I had for my family's grief experience, and to focus on finding ways to support","""I appreciate the opportunity to attend the TAPS Seminar and connect with others who share a similar journey of grief and loss. The sessions and workshops provided valuable insights and tools for managing my own grief process. However, I believe there is room for improvement in addressing the unique challenges faced by families navigating grief together.

Incorporating more workshops or sessions specifically designed to support family dynamics and communication during the grieving process would greatly enhance the seminar experience. These sessions could provide strategies for understanding and supporting each other's individual grief journeys, as well as tools for fostering open and honest communication within the family unit.

Additionally, offering resources or guidance for family members who may not be ready or willing to actively participate in the seminar would be beneficial. This could include suggestions for"
20,3__Learning_to_Process_Grief,3,3,3,2,2,2,2,0,0,3,3,1,3,2,2,2,2,2,1,2,2,"Free Text Response: One of my most cherished moments from the TAPS weekend was during the group sharing session, where I had the opportunity to open up and share my feelings and experiences with others who truly understood what I was going through. This was an incredibly moving and powerful experience, as we all connected on a deep emotional level.

Another significant moment for me was during the children's activity, where the counselor helped us understand that our emotions are valid and normal, and that it's okay to seek support and love from our family, friends, and the TAPS community. This has given me the courage to speak more openly about my feelings, not just with my parents, but also with my siblings. I am truly grateful for the guidance and acknowledgment of","Free Text Response: My experience at the TAPS Seminar was incredibly fulfilling and comforting. The environment created by TAPS allowed me to feel safe and supported throughout the entire weekend. The range of activities and resources provided catered to various aspects of the grieving process, ensuring that everyone could find something that resonated with them.

One aspect I particularly appreciated was the opportunity to connect with other surviving family members who shared similar experiences. The sense of community and understanding among the participants was truly heartening. It made me realize that I am not alone in my grief journey, and that there are people who genuinely care and want to support me.

I also want to express my gratitude for the knowledgeable and compassionate professionals who facilitated the discussions and activities. Their expertise and empathy"
21,3__Moments_That_Matter,4,3,2,2,2,2,2,0,1,3,3,1,2,2,1,2,2,2,2,2,2,"My favorite moment of the weekend was spending quality time with my family. We had a nice meal together and shared some laughs. I didn't have any major breakthroughs, but it was just good to connect with loved ones.","The TAPS seminar was a very valuable experience for me. The presenters were knowledgeable and engaging, and the content was relevant and helpful for my grief journey. I appreciated the opportunity to connect with others who are also grieving and to learn more about the grieving process. My one suggestion would be to maybe have more small group discussions to allow for even more sharing and connection among participants. Overall, I'm very glad I attended and would recommend it to others."
22,"3__Feeling_Immersed,_Connected_&_Seen",5,1,2,2,2,2,2,0,1,2,2,1,2,2,2,2,2,2,2,2,2,"My favorite moment of the weekend was the opportunity to connect with other families who have experienced similar losses. The shared experiences allowed us to provide each other with comfort and understanding, creating a sense of community that I had not felt before. This experience was a breakthrough moment for me as it strengthened my connection with the surviving family unit and allowed me to see the importance of seeking and offering support from others who truly understand our unique grief journey. I am grateful for the tools and resources provided by TAPS and the opportunity to learn from grief and trauma experts, which have empowered me to start finding new purpose and goals in my life.","The TAPS Seminar experience surpassed my expectations in numerous ways. The combination of expert presentations, peer support, and interactive sessions created a nurturing environment that fostered healing and personal growth. I particularly appreciated the diversity of topics covered, ranging from coping strategies to managing trauma and seeking new life paths. The organizers and volunteers demonstrated exceptional empathy and understanding throughout the weekend, making every participant feel valued and supported.

One aspect that could be improved is providing more opportunities for one-on-one interactions with the grief and trauma experts. While the group sessions were informative, having access to personalized guidance could further enhance the seminar experience.

Overall, I am deeply grateful for the TAPS Seminar and the profound impact it has had on my grief journey. The connections I've made, the"
23,3__New_Growth_&_Purpose,6,1,7,2,2,2,2,0,0,3,3,0,3,3,1,3,3,2,1,2,2,"One of my favorite moments from the TAPS seminar was during the memorial ceremony when we honored and remembered our fallen heroes. Seeing the love, support and camaraderie among the survivors was incredibly powerful and healing. I also had a breakthrough during a small group discussion about coping with grief. Sharing our stories and learning from each other's experiences helped me realize I'm not alone in this journey. The weekend was filled with moments of connection, understanding and hope. I'm grateful to TAPS for providing this safe space to heal and find renewed purpose.","The TAPS seminar exceeded my expectations in every way. The combination of expert presentations, peer support, and memorial events created a powerful and healing experience. I appreciated the diversity of the attendees and the openness with which everyone shared their stories. The weekend provided a safe space to grieve, learn, and connect with others who understand this unique journey. I left the seminar feeling empowered, supported, and with a renewed sense of purpose. Thank you, TAPS, for this life-changing experience. I look forward to staying involved and giving back to this incredible organization."
24,"4__Immediate_Grief,_Shock,_and_Emotion",1,1,2,2,2,2,2,0,0,3,2,1,2,2,2,2,2,2,1,2,2,"""During the weekend seminar, my favorite moment was when we were encouraged to share our stories with each other. It felt like a beacon of light in my otherwise dark and overwhelming journey. We were all struggling, and there was a certain comfort in knowing that we're not alone in this. It's not easy to handle everything by myself, especially as a surviving child. I feel deeply disconnected without guidance and attention from my grieving adults, but sharing my experiences with everyone at TAPS gave me some sense of purpose and connection. Though I still face many challenges, this weekend has reminded me that we're all in this together, and that is what I find immensely comforting.""","""The TAPS Seminar was a transformative experience for me. I appreciated the opportunity to connect with others who have gone through similar losses and to learn coping strategies from mental health professionals. The sessions were well-organized and provided a safe space for sharing and healing. I wish there were more opportunities for one-on-one interactions with the counselors, but overall, I found the weekend to be incredibly valuable. The connections I made and the tools I gained have given me renewed hope in my grief journey. Thank you, TAPS, for providing this essential support to those who need it most."""
25,4__Navigating_Family_Relationships,2,1,2,1,2,2,2,0,0,3,3,1,2,3,2,3,2,2,1,2,2,"Free Text Response 1: My favorite moment of the weekend at the TAPS seminar was during the group discussion session, where I felt comfortable opening up about my grief journey and the challenges I've been facing with my family's lack of understanding and support. It was a huge relief to share my feelings without fear of judgment, and to realize that each family member processes grief in their own unique way, which is perfectly acceptable.

One of the most pivotal moments for me during the seminar was connecting with individuals who have had similar experiences. They truly understood what I'm going through and provided the solace and companionship that has been distinctly absent from my daily life. It was within the supportive walls of the seminar that I found the hope and assistance I so","Free Text Response 2: As a participant of the TAPS Seminar, I found the experience to be incredibly valuable in helping me navigate my grief journey and understand the unique experiences my family members may be going through. The seminar provided a safe space for me to connect with other survivors who could relate to my story, and it was comforting to know we are not alone in our struggles.

However, I noticed tension between my family members during the seminar, as we each cope with our loss in our own way. While some of us were more open to seeking support from others, some family members did not feel comfortable expressing their emotions. This led to a divide in our group and highlighted the need for a more tailored approach to support each person individually.

One"
26,4__Learning_to_Process_Grief,3,1,2,2,2,2,2,0,0,3,3,1,2,2,1,2,2,2,2,2,2,"One of my favorite moments of the weekend was participating in the art therapy activity where we created a painting to express our emotions. It was incredibly cathartic, and I felt a strong sense of connection with my fellow survivors as we shared our artworks and the stories behind them. This experience taught me that it's okay to openly express my grief and that I'm not alone in my journey.

A breakthrough moment for me occurred during the group discussion led by a grief expert. I realized that it's essential to normalize our emotions and to allow ourselves to be vulnerable with others who understand what we're going through. This insight has been crucial for me in accepting my grief and learning how to cope with it in a healthy way. I am grateful for TAPS and","The TAPS Seminar was a truly transformative experience for both me and my child. I am immensely grateful for the opportunity to connect with other families who are going through similar challenges and to learn from the expert guidance provided by TAPS.

One of the most powerful moments for me was witnessing my child open up during the art therapy activity. Seeing them express their emotions through their paintbrush and hearing the brave stories of other children filled my heart with a profound sense of love and pride. This experience has changed the way I approach parenting, as I now understand the importance of encouraging my child to feel and share their emotions with others.

The TAPS Seminar has left an indelible mark on my heart as a parent, and I will forever cherish the lessons and"
27,4__Moments_That_Matter,4,3,2,2,2,2,2,0,0,2,2,1,2,2,1,2,2,2,2,2,2,Uno de los momentos favoritos del fin de semana fue la conexión y el apoyo que sentí de parte de otros sobrevivientes que han atravesado experiencias similares en su viaje del duelo. Fue reconfortante saber que no estamos solos y que hay otros que pueden entender y apoyar en este proceso. Un momento clave para mí fue darme cuenta de que está bien no tenerlo todo resuelto y que el dolor y el amor pueden coexistir. Esto me permitió abrazar los momentos dulces y amargos con más compasión y gratitud.,"El seminario TAPS fue una experiencia transformadora y sanadora para mí y mi familia. Agradezco profundamente el cuidado, la compasión y el apoyo que recibimos de los facilitadores y el personal de TAPS. Las sesiones informativas, las actividades de conexión y el tiempo de compartir en comunidad crearon un entorno seguro y nutritivo para procesar el dolor y encontrar esperanza.

Me sentí validado y entendido en mi viaje de duelo, y aprecio las herramientas y estrategias prácticas que aprendí para navegar los desafíos únicos que enfrentamos los sobrevivientes. El seminario me dio un nuevo sentido de prop"
28,"4__Feeling_Immersed,_Connected_&_Seen",5,1,2,2,2,2,2,0,0,3,2,1,2,3,1,3,3,2,2,2,2,"My favorite moment of the TAPS seminar weekend was participating in the memorial service. Seeing everyone come together to honor and remember our loved ones who served was deeply moving. It made me feel connected to a community of people who understand the unique challenges of grieving a military loss.

I had a significant breakthrough during one of the art-based group activities. As I created a piece to represent my journey, I realized that my grief does not define me. Through the support and encouragement of the group, I found the courage to share my story openly for the first time. This experience inspired me to create a local support group for grieving military families in my community, so that others can find the same healing and connection that I discovered at the TAPS seminar.","The TAPS Seminar exceeded my expectations in every way. The level of compassion, understanding, and expertise demonstrated by the TAPS staff and volunteers created a safe and nurturing environment for all participants to explore their grief and find healing.

The variety of workshop offerings catered to diverse learning styles and preferences, ensuring that everyone could find meaningful ways to process their emotions and connect with others. I particularly appreciated the focus on self-care and coping strategies, which provided practical tools to help manage the ongoing challenges of grief.

I was struck by the sense of community and shared purpose among TAPS participants. Despite our different backgrounds and experiences, we were united by our love for those we lost and our commitment to honoring their legacies. The bonds I formed with other survivors will"
29,4__New_Growth_&_Purpose,6,1,2,2,2,2,2,0,0,3,3,0,3,3,0,2,3,3,3,3,2,"""My favorite moment of the weekend was the panel discussion on coping with loss, where I found inspiration and solidarity in hearing the experiences of others. It was a turning point for me, realizing the power of community support and understanding that I am not alone in this journey.

I had an incredible breakthrough moment during the art therapy session, where I found solace in expressing my emotions through painting. It allowed me to confront my grief in a way that was comforting and healing.""","""The TAPS seminar was a life-changing experience for me. The sense of community and understanding among the participants was truly remarkable. I feel that the various sessions, from the panel discussions to the art therapy, provided a well-rounded approach to coping with grief.

I appreciate the opportunity to connect with others who share similar experiences and the resources provided by TAPS. The seminar has given me the tools and confidence to continue on my healing journey and to help others who may be struggling.

I would highly recommend the TAPS seminar to anyone who has lost a loved one and is seeking support and guidance. It is an invaluable resource that has made a profound impact on my life."""
30,"5__Immediate_Grief,_Shock,_and_Emotion",1,1,2,2,2,2,2,1,2,3,3,1,2,2,1,2,2,2,2,2,2,"My favorite moment of the weekend was when we participated in the group activity where we shared our stories and supported one another. It was during this moment that I realized I was not alone in my grief and that it's okay to seek help. Hearing from others who have faced similar experiences brought comfort and hope.

What resonated with me the most was a workshop led by a grief and trauma expert. They provided practical tools to cope with isolation and the challenges of managing responsibilities alone. I left that session feeling a sense of purpose that I hadn't felt in a long time and I truly believe it was a breakthrough moment for me.","The TAPS Seminar was a transformative experience for me. The opportunity to connect with others who have faced similar losses and to learn from experts in the field of grief and trauma was invaluable. The supportive environment and the practical tools provided have given me hope and a sense of direction as I continue on my healing journey. I am deeply grateful for the dedication and compassion of the TAPS staff and volunteers. This seminar has been a turning point for me, and I highly recommend it to anyone struggling with the loss of a loved one. Thank you, TAPS, for providing this essential service and for helping me find a path forward."
31,5__Navigating_Family_Relationships,2,1,2,2,2,2,2,0,1,3,3,1,2,2,1,2,2,2,2,2,2,"One of my favorite moments from the TAPS seminar was during a group activity when we each shared how we were coping with our loss and the impact it had on our lives. It was powerful to hear everyone's unique experiences and to feel a sense of understanding and support from the group. This moment stood out to me because it highlighted the importance of accepting and respecting each other's emotional journeys, even though we may be experiencing grief in different ways.

Another significant moment for me was when I realized the potential for our family to support each other, despite our individual experiences. This realization led us to utilize the resources from TAPS to create a personalized plan for each family member, focusing on strengthening our connections and improving communication. It was a breakthrough moment because it","I appreciate the opportunity to provide additional feedback about my TAPS Seminar experience. While the seminar provided valuable resources and support for navigating my grief journey, I believe there is room for improvement in addressing family dynamics and communication during the grieving process.

One suggestion would be to offer more family-oriented workshops or sessions that focus on how to support one another while dealing with loss. These sessions could provide strategies for open communication, understanding, and empathy within the family unit. By offering resources tailored to the unique challenges faced by grieving families, TAPS could help bridge the gap between individual and family healing.

Additionally, I would like to see more opportunities for ongoing support and connection with other seminar attendees. Building a strong support network can be crucial in maintaining progress and resilience throughout the"
32,5__Learning_to_Process_Grief,3,1,2,2,2,2,2,0,0,2,2,1,2,2,1,2,2,2,2,2,2,"My favorite moment of the weekend was during the art therapy session where I created a painting to express my emotions. As I shared my artwork with the group and listened to others share their stories, I felt a strong sense of connection and understanding. It was incredibly cathartic and eye-opening to see that I'm not alone in my grief journey.

A breakthrough moment for me occurred during the group discussion led by a grief expert. I realized that it's okay to be vulnerable and openly express my grief with others who understand what I'm going through. This insight has been crucial for me in accepting my grief and learning how to cope with it in a healthy way. I am truly grateful for the support and resources provided by TAPS, and I hope other survivors","Attending the TAPS Seminar with my child was a transformative experience. It provided a supportive environment for us to process our grief, offering valuable resources, guidance, and connections with others facing similar challenges. The seminar significantly enhanced our healing journey, and I highly recommend it to other surviving families."
33,5__Moments_That_Matter,4,1,2,2,2,2,2,0,0,2,2,1,1,2,1,2,2,2,2,2,2,"One of my favorite moments from the TAPS weekend was the candle lighting ceremony on the last night. As each person shared their story and lit a candle in honor of their loved one, I felt a deep sense of connection and support from the entire group. This moment symbolized the strength and resilience of our community, and it gave me hope knowing that I am not alone in this journey.

Another significant moment for me was during the art therapy session. Expressing my emotions through painting and drawing allowed me to process my grief in a different way. As I created my art piece, I found myself reflecting on the happy memories I shared with my loved one. This experience helped me realize that although their physical presence is gone, their love and impact on my","The TAPS Seminar exceeded my expectations in every way. From the moment I arrived, I felt welcomed and supported by the staff and volunteers. The schedule was well-organized, with a perfect balance of educational sessions, emotional support, and opportunities for self-care.

I appreciated the diversity of the breakout sessions, which covered a wide range of topics related to grief and healing. The presenters were knowledgeable and compassionate, creating a safe space for us to share our experiences and learn from one another.

The connections I made with other survivors were invaluable. Knowing that I am not alone in this journey has given me strength and hope for the future. The TAPS community is a testament to the power of love and support in the face of unimaginable loss.

I"
34,"5__Feeling_Immersed,_Connected_&_Seen",5,1,2,2,2,2,2,0,0,3,3,1,3,2,1,2,2,2,2,2,2,"My favorite moment of the weekend was during a particular workshop that focused on finding a new purpose and setting goals in life. This session was truly transformative for me, as it provided a breakthrough moment where I realized the importance of continuing to live and honor the memory of my loved one. The powerful realization that I can find hope, purpose, and determination in my journey forward was incredibly significant and something I will always cherish from this weekend seminar.","The TAPS Seminar was an incredibly valuable and transformative experience for me. The combination of peer support and professional expertise provided a safe and nurturing environment for me to explore my grief journey and connect with others who share similar experiences.

Throughout the weekend, I gained new insights and coping strategies that I can apply to my daily life. The workshops and discussions were thoughtfully organized, addressing various aspects of the grieving process and providing tools for positive integration.

I am particularly grateful for the connections I made with other surviving family members. The sense of community and understanding among the participants was truly remarkable, and I know that these relationships will continue to be a source of support and encouragement as I navigate this difficult chapter of my life.

Thank you, TAPS, for providing this"
35,5__New_Growth_&_Purpose,6,1,2,2,2,2,2,0,0,3,3,0,3,3,1,2,2,2,2,2,2,"Free Text Response 2: My favorite moment of the weekend was during the panel discussion with TAPS experts. Hearing their insights and wisdom, I realized that I have reached a healthy stage in my grief journey. This inspired me to give back and support others by participating in mentorship programs, volunteering for charity drives and events, and engaging with those seeking solace and understanding. TAPS has given me a renewed sense of purpose, and I am grateful for this transformative experience.","Free Text Response 2: I would like to express my heartfelt appreciation for the TAPS seminar and the profound impact it has had on my life. The connections I made with other survivors and the support I received from the TAPS community have been invaluable in my healing process.

I was particularly moved by the panel discussion on coping with loss, where I discovered the power of shared experiences and understanding. This realization has inspired me to become more actively involved in the TAPS community by participating in mentorship programs, volunteering for charity drives and events, and offering support to others who are navigating their own grief journeys.

Additionally, I found the art therapy session to be incredibly therapeutic and healing. It provided me with a unique outlet to express my emotions and confront my"
36,"6__Immediate_Grief,_Shock,_and_Emotion",1,1,2,2,2,2,2,0,1,2,2,1,2,2,1,3,3,1,2,2,2,"""My favorite moment of the weekend was the group activity where we shared our stories and supported each other in our grief journeys. It was powerful to connect with others who understand what I'm going through. I had a breakthrough moment when I realized that it's okay to grieve and that I'm not alone in this process. The love and acceptance I felt from the group gave me hope for my future.""","""The TAPS Seminar was a transformative experience for me. I appreciated the variety of sessions and activities that allowed me to process my grief in different ways. The connections I made with other survivors were invaluable, and I feel more supported in my journey now. I would suggest offering more sessions specifically for young adults, as we face unique challenges in grief. Overall, I'm grateful for the opportunity to attend and would recommend it to others."""
37,6__Navigating_Family_Relationships,2,1,2,2,2,1,2,0,0,2,2,1,2,1,1,2,2,2,2,2,2,"The most meaningful moment for me during the TAPS seminar was when we participated in a group activity where each of us shared our feelings about the loss and how it has impacted our lives. As we opened up, it became clear that we were all going through the grieving process in our own unique ways. This realization made me understand the importance of accepting and respecting each other's emotional journeys.

During this activity, I had a profound moment of insight when I realized that despite our individual experiences, we could support each other as a family. This led us to create a personal plan using the resources provided by TAPS to help each member of the family. We felt that deepening our connection was beneficial for us, as it helped us become better communicators and","The TAPS Seminar experience was incredibly valuable for me and my family as we navigate our grief journey. The resources, tools, and support provided by the organization were instrumental in helping us better understand and process our emotions. The seminar created a safe and nurturing environment where we could share our experiences, learn from each other, and find solace in the company of individuals who have faced similar challenges.

One aspect I particularly appreciated was the emphasis on self-care and the importance of taking time to heal ourselves. The seminar provided practical strategies and techniques to cope with grief, such as mindfulness exercises, journaling, and creating a personal support network. These tools have been invaluable in helping me manage my emotions and find a sense of balance in my life.

Additionally, the"
38,6__Learning_to_Process_Grief,3,1,2,2,2,2,2,0,0,3,3,1,2,2,2,2,2,2,2,2,2,"My favorite moment of the weekend was during the group sharing session where we, as surviving children, had the opportunity to connect with others who truly understood what we were going through. It was a profound experience as we were all able to open up and share our emotions sincerely. This was incredibly comforting and reassuring.

I also had a moment of clarity during the activity for kids. The counselor helped us understand that our emotions are valid and normal, and that it's okay to seek support and love from our family, friends, and the TAPS community. This has given me the courage to speak more openly about my feelings, not just with my parents, but also with my siblings. I truly appreciate the guidance and acknowledgment of our grief that TAPS provided this","As a surviving child, I found the TAPS Seminar (Tribute in Light, Attraction of Life) to be truly helpful and supportive. It gave me the opportunity to openly discuss my grief and feelings with people who have gone through the same thing. The moment of meeting with other children in similar situations helped me understand that it's okay to feel this way and showed me how to make peace with the loss of my family member who served in the United States Armed Forces. The seminar provided a safe, loving, and emotional place, helping me find my way in this difficult time of life. I am grateful for the things and the help they provided and hope to see more things like this for all surviving family members."
39,6__Moments_That_Matter,4,1,2,2,2,2,2,1,1,2,2,1,2,2,1,2,2,2,2,2,2,"One of our favorite moments was participating in the group activities that allowed us to share our experiences and connect with others who understand our journey. During these activities, we discovered a newfound sense of comfort in discussing our loved one's legacy and how we can carry it forward in our lives. A breakthrough moment for us was realizing that even though our loved one is not physically present, their spirit will continue to live through our family and the memories we cherish. This realization brought a sense of comfort and closure that has helped us navigate these challenging times and appreciate the special moments with our children even more.","The TAPS Seminar exceeded my expectations in providing a supportive environment to navigate my grief journey. The connections I formed with other survivors who understood my unique experience were invaluable. As I continue to face renewed grief around anniversaries and special moments, the tools and resources from the seminar have been crucial in helping me cope.

Learning how to better navigate those special moments with my surviving family was particularly meaningful. The guidance and resources provided enabled us to embrace these times together while honoring our loved one's memory. This strengthened our family bonds and brought comfort amidst the profound loss.

I am deeply grateful for the expertise and dedication of the TAPS staff and professionals who facilitated the seminar. Their genuine care and support made a significant impact on my well-being. I highly recommend"
40,"6__Feeling_Immersed,_Connected_&_Seen",5,1,2,2,2,2,2,0,1,3,3,1,2,2,1,2,2,2,2,2,2,"Free Text Response 1: My favorite moment of the weekend was during the memorial service when we all came together to honor and remember our loved ones. The sense of unity and shared understanding in the room was incredibly powerful, and it made me feel less alone in my grief. I also had a breakthrough moment during one of the small group discussions when I realized that it's okay to find joy and laughter again, even while still mourning. This realization has given me hope for the future and a renewed sense of purpose.","Free Text Response 2: The TAPS Seminar exceeded my expectations in every way. The combination of expert-led sessions and peer support created a safe and nurturing environment for all of us to explore our grief and begin the healing process. The variety of workshops offered allowed me to tailor my experience to my specific needs, and I learned valuable tools and strategies to help me navigate this difficult journey.

I was particularly impressed with the level of organization and attention to detail throughout the weekend. Every aspect of the seminar was well-planned and thoughtfully executed, from the schedule of events to the accommodations and meals. This level of care and commitment to providing a positive experience for participants is a testament to the dedication of the TAPS staff and volunteers.

Overall, my T"
41,6__New_Growth_&_Purpose,6,1,2,2,2,2,2,0,0,2,2,1,2,2,1,2,2,2,2,2,2,"My favorite moment of the weekend was during the small group discussions when I realized that I was not alone in my grief journey. Hearing others share their stories and experiences made me feel a sense of connection and understanding that I had not felt before. A breakthrough moment for me was when I recognized my own strength and resilience in the face of loss, and I felt a renewed sense of hope for the future.","The TAPS Seminar was a life-changing experience for me. The love, support, and understanding I received from the TAPS community helped me feel less alone in my grief journey. The workshops and discussions provided valuable tools and resources that I will continue to use as I navigate my path to healing. I am grateful for the opportunity to connect with others who share similar experiences and for the sense of hope and purpose I gained from the seminar. I look forward to staying involved with TAPS and contributing to their mission of supporting grieving military families."
42,"7__Immediate_Grief,_Shock,_and_Emotion",1,1,3,2,2,2,2,1,0,2,2,1,2,1,2,3,2,2,2,2,2,"""My favorite moment of the weekend was the group sharing session where we each shared our stories and offered support to one another. It was comforting to know that I am not alone in my struggles and that others understand what I am going through. A breakthrough moment for me was during a workshop led by a grief and trauma expert who provided practical tools to cope with isolation and managing responsibilities alone. This session gave me a sense of purpose and hope that I haven't felt in a long time. The weekend has encouraged me to continue seeking help and building a supportive network as I navigate this difficult time.""","""The TAPS seminar was a transformative experience for me. I appreciated the safe and supportive environment that allowed me to open up about my loss and connect with others who understand my pain. The workshops and group activities provided valuable tools and insights to help me navigate my grief journey. I feel more empowered and less alone thanks to the connections I made and the resources I gained at the seminar. I am grateful to TAPS for providing this opportunity and for the dedication of the volunteers who made it possible. My only suggestion would be to perhaps offer more breakout sessions tailored to specific grief experiences, but overall, it was an incredibly meaningful and healing weekend for me."""
43,7__Navigating_Family_Relationships,2,3,2,2,2,2,2,0,0,2,2,1,2,2,1,2,2,2,2,2,2,"My favorite moment of the weekend was during the group discussion session, where we were encouraged to share our grief experiences openly and honestly with each other. For the first time, I felt a sense of relief in expressing my emotions and concerns about the tension within my family unit and the lack of support I've been experiencing.

During a private conversation with one of the grief experts, I had a breakthrough moment that allowed me to gain some clarity on my situation. I was told that it's normal for family members to be at different stages in their grief journey, and that I shouldn't compare my process to others. This insight has helped me to let go of the unrealistic expectations I had for my family's grief experience, and to focus on finding ways to support","I would like to thank TAPS for providing such a valuable and supportive experience during the seminar. Connecting with others who understand the unique challenges of grieving a military loss has been incredibly comforting and validating. The workshop sessions and expert-led discussions offered important tools and insights for navigating my own grief journey.

While attending the seminar, I noticed some tension with my family members who were not present, as they may not fully grasp the depth of my grief. I hope to use the skills and connections I made during the seminar to foster better communication and understanding within my family unit.

To further enhance the TAPS Seminar experience, I would suggest providing more opportunities for attendees to connect with each other after the event, as building a supportive network can offer ongoing comfort and understanding."
44,7__Learning_to_Process_Grief,3,1,2,2,2,2,2,0,0,2,2,1,2,2,1,2,2,2,2,2,2,"My favorite moment of the TAPS seminar weekend was during the group sharing session where we, as surviving children, had the opportunity to connect with others who truly understood what we were going through. It was a profound experience as we were all able to open up and share our emotions sincerely. This was incredibly comforting and reassuring.

I also had a moment of clarity during the kids' activity. The counselor helped us understand that our emotions are valid and normal, and it's okay to seek support and love from our family, friends, and the TAPS community. This has given me the courage to speak more openly about my feelings, not just with my parents, but also with my siblings. I truly appreciate the guidance and acknowledgment of our grief that TAPS","The TAPS seminar was a truly rewarding experience for both me and my child. The last kids' meeting was particularly heartwarming, as the facilitator guided the children in expressing their emotions through art. It was incredible to see my little one opening up and sharing their feelings, and to hear the other children's brave stories. This experience touched me deeply and changed my perspective on parenting. I learned the importance of encouraging my child to express their emotions and share them with others. I am so grateful for the support and guidance provided by TAPS, as they helped me understand the best ways to support my child's emotional growth. The seminar left a lasting impression on my heart, and I will strive to be a better parent, always keeping these lessons"
45,7__Moments_That_Matter,4,3,2,2,2,2,2,0,0,2,2,1,2,2,1,2,2,2,2,2,2,"One of my favorite moments of the weekend was during the small group sessions when we shared our stories and connected with each other on a deep, emotional level. It was incredibly powerful to be surrounded by others who truly understand the pain and complexity of grief. 

I had a significant breakthrough moment during one of these sessions when I realized that it's okay to feel joy and happiness even while grieving. The supportive environment and wisdom shared by others helped me see that honoring my loved one's memory doesn't mean I have to be stuck in perpetual sadness. This realization has given me a renewed sense of hope and a path forward in my grief journey.","The TAPS Seminar was an incredibly transformative and healing experience for our entire family. The combination of the educational sessions, small group sharing, and the loving, supportive community created a safe space for us to openly grieve and find connection with others who truly understand the pain of losing a loved one.

We greatly appreciated the diversity of session topics and the expertise of the presenters. It helped us gain valuable tools and strategies to navigate our grief journey. The small group sessions were particularly powerful, as they allowed us to share our stories, tears, and laughter with others who have walked a similar path.

The children's program was exceptional and provided our kids with age-appropriate support and activities to help them process their grief. We were so grateful for the caring"
46,"7__Feeling_Immersed,_Connected_&_Seen",5,1,2,2,2,2,2,0,1,3,3,0,3,3,1,3,2,2,2,2,2,"My favorite moment of the weekend was the workshop on finding a new purpose and setting goals. This session really resonated with me and provided a breakthrough moment. The facilitator's insights on continuing to live and honor the memory of our loved ones by finding new passions and setting meaningful goals was incredibly empowering. I realized that I can still make a positive impact and create a meaningful life while keeping the memory of my loved one alive. This workshop gave me a renewed sense of direction and motivation to move forward on my grief journey, and I am deeply grateful for the transformative experience it provided.","The TAPS Seminar experience exceeded my expectations in many ways. The well-organized program, the dedication of the volunteers, and the warmth of the environment created a safe space for me to openly discuss my grief journey. The workshops provided valuable tools and strategies that I can apply in my daily life to help manage my grief. The connections I made with other surviving family members have given me a sense of belonging and support that I will cherish forever. I am truly grateful for the opportunity to attend this seminar and for the ongoing support that TAPS provides. I would highly recommend this experience to anyone who has lost a loved one in service to our nation."
47,7__New_Growth_&_Purpose,6,1,2,2,2,2,2,0,0,3,3,1,3,3,1,3,2,3,2,2,2,"The most impactful moment for me was during the small group discussion when I opened up about my loss for the first time. Hearing others' stories and sharing my own helped me realize I'm not alone in this journey. It was a breakthrough in my healing process, and I'm grateful for the support and understanding I found at TAPS.","The TAPS seminar exceeded my expectations in every way. The organizers and volunteers created a safe, supportive environment that allowed for open sharing and emotional growth. The workshops provided valuable tools and resources for navigating grief, and the connections I made with other survivors will last a lifetime. I feel empowered to continue my healing journey with renewed strength and purpose. Thank you, TAPS, for this life-changing experience."
48,"8__Immediate_Grief,_Shock,_and_Emotion",1,1,2,2,2,2,1,1,1,2,2,1,2,1,2,3,2,2,2,2,2,"My favorite moment of the weekend was the group activity where we shared our personal stories and struggles with grief. It was a powerful and cathartic experience to open up and connect with others who are going through similar challenges. Hearing their stories and seeing their strength and resilience was truly inspiring and gave me hope for my own journey. I felt less alone and more supported knowing that I am part of this caring TAPS community. While I still have a long way to go in my grief process, this weekend reminded me that I don't have to face it all by myself. I have people who understand and are here for me every step of the way. That realization was a big breakthrough for me.","The TAPS Seminar was a transformative and healing experience for me. The combination of educational sessions, small group discussions, and memorial activities provided a safe and supportive space to process my grief. The TAPS staff and volunteers were incredibly compassionate, knowledgeable, and dedicated to ensuring everyone felt welcome and supported throughout the weekend.

I appreciated the diversity of perspectives and experiences represented among the attendees, as it allowed for rich and meaningful connections. The opportunity to connect with other surviving family members who understand the unique challenges of grieving a military loss was invaluable.

While the weekend was emotionally intense at times, I left feeling more empowered and equipped to continue my grief journey. The tools, resources, and ongoing support provided by TAPS will be an essential part of my healing process moving"
49,8__Navigating_Family_Relationships,2,3,2,2,2,2,2,1,1,2,2,1,3,2,2,2,2,2,2,2,2,"""Mi momento favorito del fin de semana fue durante una actividad de grupo en la que compartí mis sentimientos y experiencias con otros sobrevivientes. Escuchar sus historias y saber que no estaba solo en mi dolor fue muy reconfortante. Aunque inicialmente hubo algo de tensión con mi familia, esta experiencia me ayudó a ser más empático y paciente con ellos y su propio proceso de duelo. Fue un momento revelador que me enseñó la importancia del apoyo mutuo y la comprensión en nuestra sanación familiar. Me siento agradecido de ser parte de esta comunidad de TAPS y espero continuar apoyando a otros en su camino hacia la san","""I truly appreciate the opportunity to attend the TAPS Seminar and connect with others who understand the complex emotions of grief. The supportive environment allowed me to open up about my struggles and learn from the experiences of fellow survivors. I gained valuable insights on how to better support myself and my family during this difficult time.

However, I noticed that some family members were not as receptive to the group discussions and activities, which created tension within our unit. I believe it would be helpful for TAPS to provide additional guidance on how to approach and support family members who may be resistant to participating in the grieving process.

Perhaps offering separate sessions or resources tailored to individual family dynamics could help bridge the gap and ensure everyone feels supported in their unique journey. Overall, I am grateful"
50,8__Learning_to_Process_Grief,3,1,2,2,2,2,2,0,0,2,2,1,2,2,1,2,2,2,1,2,2,"Free Text Response 1: One of my favorite moments from the TAPS weekend was the group sharing session where both adults and children opened up about their experiences and emotions. It was incredibly powerful to see everyone come together in vulnerability, unity and empathy. A breakthrough moment for me was realizing the strength that comes from connecting with others who understand what we're going through. Being able to process our grief collectively and find comfort in shared experiences was very healing for my family. I'm so grateful to TAPS for providing a safe and supportive environment that allowed us to heal and form meaningful relationships with others on a similar journey.",Free Text Response 2: The TAPS Seminar was a very healing and supportive experience for my family. The workshops and group discussions provided a safe space to process our grief and emotions together with others who understand. The resources and guidance shared were invaluable in helping us navigate this difficult journey. We felt surrounded by love and support the entire weekend. TAPS created a nurturing environment that allowed us to begin the healing process and take steps towards acceptance. We are so grateful for this transformative experience and the ongoing support of the TAPS community.
51,8__Moments_That_Matter,4,3,3,2,2,2,1,0,0,2,2,1,2,2,1,2,2,2,2,2,2,"""Mi momento favorito del fin de semana fue la ceremonia de iluminación de velas en la última noche. Al compartir nuestras historias y recuerdos, sentí una conexión profunda con las otras familias presentes. Esta experiencia me dio la fuerza para enfrentar los días difíciles por venir y encontrar consuelo en nuestro camino compartido de duelo. También tuvimos un momento de avance al participar en la sesión de terapia de arte. Expresar nuestras emociones a través de la pintura y el dibujo nos ayudó a comprender mejor nuestras experiencias individuales de duelo, mientras nos acercaba más como una Unidad Familiar.""

The human response contains a","""Quiero agradecer a TAPS por proporcionar un entorno seguro y de apoyo para que las familias en duelo puedan conectar, compartir y sanar juntas. El programa fue excepcional en abordar las diversas emociones y desafíos que enfrentamos en nuestro viaje de pérdida. Cada sesión y actividad estuvo bien pensada y ejecutada, y los facilitadores demostraron una gran empatía y comprensión. Me siento verdaderamente agradecido por la oportunidad de participar en este seminario y lo recomendaría encarecidamente a cualquier persona que esté lidiando con la pérdida de un ser quer"
52,"8__Feeling_Immersed,_Connected_&_Seen",5,1,2,2,2,2,2,0,0,2,2,1,2,2,1,3,2,2,2,2,2,"My favorite moment of the TAPS seminar weekend was participating in the art-based group activities and the memorial service. These experiences allowed me to express my grief creatively and honor my loved one in a meaningful way. The memorial service was particularly powerful, as it provided a space for collective healing and remembrance.

A breakthrough moment for me was realizing the importance of community support in the grief journey. Connecting with other surviving military families who share similar experiences and struggles made me feel less alone and more understood. This inspired me to create a local support group for grieving military families in my area, with the goal of providing a safe space for ongoing support and connection.","I would like to express my deepest gratitude for the incredible TAPS Seminar experience. The weekend surpassed all my expectations and provided me with an unparalleled opportunity for growth, healing, and connection.

The workshops and discussions were insightful, thought-provoking, and tailored to address the unique challenges faced by grieving military families. The expertise and compassion demonstrated by the TAPS staff and volunteer mentors created a safe and nurturing environment that allowed for open and honest sharing of experiences.

One aspect that stood out to me was the emphasis on self-care and the importance of taking time for oneself during the grief journey. The various relaxation techniques and stress management strategies introduced during the seminar have been invaluable in helping me better cope with the emotional and physical toll of grief.

Moreover, the connections"
53,8__New_Growth_&_Purpose,6,3,2,2,2,2,2,0,1,3,3,1,2,2,1,2,2,2,2,2,2,"My favorite moment of the weekend was the panel discussion on coping with loss, where I found both inspiration and solidarity in hearing the experiences of others. It was a turning point for me, realizing the power of community support and understanding that I am not alone in this journey. I had an incredible breakthrough moment during the art therapy session, where I found solace in expressing my emotions through painting. It allowed me to confront my grief in a way that was comforting and healing. I believe this experience has prepared me to give back to the TAPS community by offering support and guidance to those who may be struggling with their own journey.","The TAPS Seminar was a transformative experience for me. The sense of community and support among fellow survivors was incredibly powerful and healing. The various sessions, from the panel discussions to the art therapy, provided valuable tools and insights for navigating the grief journey. I feel more empowered and connected after attending this seminar, and I am grateful for the opportunity to be a part of the TAPS family. I look forward to staying involved and giving back to this remarkable organization."
54,"9__Immediate_Grief,_Shock,_and_Emotion",1,1,2,2,2,2,2,0,0,2,2,1,2,2,1,2,2,1,1,2,2,"At TAPS Seminar, my favorite moment was the group art activity where we expressed our emotions through painting and drawing. It was cathartic to share my feelings alongside others who were also grieving. I had a breakthrough when I realized I don't have to navigate this difficult time alone. Connecting with a fellow survivor who shared their experience gave me hope and inspired me to find ways to create a new sense of purpose while honoring my loved one. The connections and resources at the seminar were valuable in providing hope for the future.","While the TAPS Seminar provided valuable connections, emotional support and resources, I still find it challenging to discover a sense of purpose in my daily life as a surviving child. I believe there is a need for more tailored guidance and support specifically designed for young grieving family members like myself to help navigate this difficult journey."
55,9__Navigating_Family_Relationships,2,"1,",2,2,2,2,2,0,0,2,2,1,2,1,1,2,2,2,2,2,2,"My favorite moment of the weekend occurred during a group activity, where we were encouraged to express our emotions without judgment. This allowed me to feel heard and understood by others at the seminar, despite some tension within my family unit. The experience taught me to be more patient and accepting of our unique grief journeys as a family, and I realized that our collective healing process is essential for us to move forward together. Connecting with other families has given me hope and inspiration to support each other on this path.","The TAPS Seminar provided a valuable opportunity to connect with others who share a similar experience. The weekend allowed me to empathetically understand different perspectives and gain insights from those on a similar grief journey. While the experience was emotionally challenging at times, it ultimately offered hope and a sense of community. I appreciate the chance to learn from others and grow together in our healing process."
56,9__Learning_to_Process_Grief,3,1,2,2,2,2,2,0,0,2,2,1,2,2,1,2,2,2,2,2,2,"My favorite moment of the TAPS seminar weekend was participating in the art therapy activity where we created paintings to express our emotions. It was incredibly cathartic and I felt a strong sense of connection with my fellow survivors as we shared our artworks and the stories behind them. This experience taught me that it's okay to openly express my grief and that I'm not alone in my journey.

A breakthrough moment for me occurred during the group discussion led by a grief expert. I realized that it's essential to normalize our emotions and allow ourselves to be vulnerable with others who understand what we're going through. This insight has been crucial for me in accepting my grief and learning how to cope with it in a healthy way. I am grateful for TAPS and all the","The TAPS Seminar was a truly transformative experience for both me and my child. In addition to the support group session, the various workshops and activities throughout the weekend provided valuable tools and resources for our healing journey. The sense of community and understanding among the participants was incredibly comforting, and I appreciated the opportunity to connect with other parents who have experienced similar losses.

I was impressed by the expertise and compassion of the TAPS staff and volunteers. Their dedication to supporting grieving families is evident in every aspect of the seminar. I feel more empowered and equipped to navigate my own grief and to support my child as we continue to heal together.

I am deeply grateful for the opportunity to attend the TAPS Seminar and would highly recommend it to other families who have experienced the"
57,9__Moments_That_Matter,4,1,2,2,2,2,2,0,0,2,2,1,2,2,2,2,2,2,2,2,2,"""My favorite moment of the weekend was participating in the small group discussions where we could openly share our experiences and support one another. It was incredibly validating to connect with others who truly understand the complexity of my grief journey.

A significant breakthrough moment for me was realizing that it's okay to find joy and happiness again, even amidst the pain of my loss. The seminar helped me see that honoring my loved one's memory doesn't mean I have to remain stuck in my grief forever. I can continue to live a meaningful life while still keeping their memory alive in my heart.""","""The TAPS Seminar exceeded my expectations in every way. The level of support, understanding, and compassion I received from the staff, volunteers, and fellow attendees was truly remarkable. The weekend provided me with a safe space to explore my grief, learn coping strategies, and connect with others who share a similar journey.

I appreciate the variety of sessions offered, from the educational workshops to the creative outlets and physical activities. Each aspect of the seminar contributed to my overall healing experience. The opportunity to participate in the memorial ceremony was particularly meaningful, allowing me to honor my loved one alongside others who truly understand the depth of my loss.

I am grateful for the ongoing support TAPS provides through their resources, online community, and future events. Knowing that I have a"
58,"9__Feeling_Immersed,_Connected_&_Seen",5,1,2,2,2,2,2,0,0,3,2,1,2,2,1,3,3,3,3,3,3,"My favorite moment of the weekend was the group discussion where we shared our stories and experiences. It was comforting to know I'm not alone in this journey and to connect with others who understand. My breakthrough moment came when the trauma expert emphasized finding new purpose and setting goals for positive integration. This inspired me to focus on personal growth and well-being to honor my loved one's memory. The weekend provided motivation and support to find that new purpose. Thank you, TAPS, for this invaluable experience.","The TAPS seminar was an incredibly transformative and healing experience that provided me with a profound sense of comfort, validation, and belonging among other families who are navigating their own grief journeys. The shared experiences and heartfelt stories not only alleviated the feeling of isolation but also allowed me to better understand that my own experiences are common amongst others who have faced similar losses. The valuable insights and guidance offered throughout the various workshops and discussions enabled me to gain a fresh perspective on coping mechanisms and strategies for moving forward. The breakthrough moment during the workshop that elucidated the importance of finding a new purpose and setting goals as a way to continue living and honoring the memory of my loved one was particularly powerful. This realization has instilled within me a renewed sense of hope, purpose"
59,9__New_Growth_&_Purpose,6,1,2,2,2,2,2,0,0,3,2,1,2,2,1,2,2,2,2,2,2,"My favorite moment of the weekend was the panel discussion on coping with loss, where I found both inspiration and solidarity in hearing the experiences of others. It was a turning point for me, realizing the power of community support and understanding that I am not alone in this journey.

I had an incredible breakthrough moment during the art therapy session, where I found solace in expressing my emotions through painting. It allowed me to confront my grief in a way that was comforting and healing. I believe this experience has prepared me to give back to the TAPS community by offering support and guidance to those who may be struggling with their own journey. I am eager to participate in mentorship programs, charity drives, and events, and contribute to making a difference in the lives","The TAPS Seminar was a life-changing experience that provided me with the support and tools needed to navigate my grief journey. The connections I made with other survivors have been invaluable, and the workshops offered practical advice for coping with loss.

I would like to express my gratitude to the TAPS staff and volunteers who made this seminar possible. Their dedication and compassion are truly remarkable, and I feel honored to be a part of this caring community. I would highly recommend this program to anyone who has experienced the loss of a loved one in the military.

As I move forward, I am committed to giving back to TAPS by volunteering my time and sharing my story to help others who are struggling with grief. I believe that together, we can make a difference in"
